{
  "bytes": {
    "hidden_bytes": 3072,
    "materialized_logits_bytes": 303872,
    "weight_bytes": 466747392
  },
  "candidate_policy": {
    "block_hidden": 64,
    "block_vocab": 32,
    "blocks_per_row": 4748,
    "num_stages": 3,
    "num_warps": 4,
    "reduce_block": 8192,
    "strategy": "two_stage_lm_head_flash_sampling_epilogue_plan"
  },
  "cuda_available": true,
  "gate": {
    "eligible": true,
    "policy": {
      "block_hidden": 64,
      "block_vocab": 32,
      "blocks_per_row": 4748,
      "num_stages": 3,
      "num_warps": 4,
      "reduce_block": 8192,
      "strategy": "two_stage_lm_head_flash_sampling_epilogue_plan"
    },
    "reasons": []
  },
  "hardware": "NVIDIA L20",
  "paths": {
    "full_logits_reference": {
      "median_ms": 0.6543359756469727,
      "p10_ms": 0.6512640118598938,
      "p90_ms": 0.6553599834442139,
      "samples_ms": [
        0.6625279784202576,
        0.6574079990386963,
        0.6512640118598938,
        0.6543359756469727,
        0.6553599834442139,
        0.6512640118598938,
        0.6533120274543762,
        0.6543359756469727,
        0.6553599834442139,
        0.6543359756469727,
        0.6543359756469727,
        0.6502400040626526,
        0.6533120274543762,
        0.6553599834442139,
        0.6502400040626526,
        0.6543359756469727,
        0.6543359756469727,
        0.6553599834442139,
        0.6543359756469727,
        0.6553599834442139
      ]
    },
    "l20_lm_head_sampling_candidate": {
      "launch": {
        "block_batch": 1,
        "block_hidden": 64,
        "block_vocab": 32,
        "blocks_per_row": 4748,
        "num_stages": 3,
        "num_warps": 4,
        "reduce_block": 8192,
        "strategy": "two_stage_lm_head_gumbel_max"
      },
      "median_ms": 0.7208960056304932,
      "p10_ms": 0.7147520184516907,
      "p90_ms": 0.7618560194969177,
      "samples_ms": [
        0.7731199860572815,
        0.7557119727134705,
        0.7536640167236328,
        0.7618560194969177,
        0.754688024520874,
        0.7526400089263916,
        0.7516160011291504,
        0.7516160011291504,
        0.78438401222229,
        0.7147520184516907,
        0.7188479900360107,
        0.7157760262489319,
        0.7167999744415283,
        0.7147520184516907,
        0.7157760262489319,
        0.7157760262489319,
        0.7229440212249756,
        0.7147520184516907,
        0.7157760262489319,
        0.7147520184516907
      ],
      "status": "measured"
    }
  },
  "ratios": {
    "candidate_over_full_logits_reference": 1.101721489358291,
    "full_logits_reference_over_candidate": 0.9076704136745669
  },
  "schema_version": 1,
  "shape": {
    "batch": 1,
    "dtype": "float16",
    "hidden": 1536,
    "sampling_mode": "gumbel",
    "temperature": 1.0,
    "top_k": -1,
    "top_p": 1.0,
    "vocab": 151936
  }
}
