{
  "bytes": {
    "hidden_bytes": 2048,
    "materialized_logits_bytes": 303872,
    "weight_bytes": 311164928
  },
  "candidate_policy": {
    "block_hidden": 64,
    "block_vocab": 32,
    "blocks_per_row": 4748,
    "num_stages": 3,
    "num_warps": 4,
    "reduce_block": 8192,
    "strategy": "two_stage_lm_head_flash_sampling_epilogue_plan"
  },
  "cuda_available": true,
  "gate": {
    "eligible": true,
    "policy": {
      "block_hidden": 64,
      "block_vocab": 32,
      "blocks_per_row": 4748,
      "num_stages": 3,
      "num_warps": 4,
      "reduce_block": 8192,
      "strategy": "two_stage_lm_head_flash_sampling_epilogue_plan"
    },
    "reasons": []
  },
  "hardware": "NVIDIA L20",
  "paths": {
    "full_logits_reference": {
      "median_ms": 0.4546560049057007,
      "p10_ms": 0.4505600035190582,
      "p90_ms": 0.4556800127029419,
      "samples_ms": [
        0.4628480076789856,
        0.4546560049057007,
        0.45158401131629944,
        0.4556800127029419,
        0.4505600035190582,
        0.4567039906978607,
        0.4536319971084595,
        0.4546560049057007,
        0.449535995721817,
        0.4546560049057007,
        0.4505600035190582,
        0.4546560049057007,
        0.4546560049057007,
        0.4546560049057007,
        0.449535995721817,
        0.4546560049057007,
        0.4505600035190582,
        0.4546560049057007,
        0.4546560049057007,
        0.4546560049057007
      ]
    },
    "l20_lm_head_sampling_candidate": {
      "launch": {
        "block_batch": 1,
        "block_hidden": 64,
        "block_vocab": 128,
        "blocks_per_row": 1187,
        "num_stages": 3,
        "num_warps": 8,
        "reduce_block": 2048,
        "strategy": "two_stage_lm_head_gumbel_max"
      },
      "median_ms": 0.4997119903564453,
      "p10_ms": 0.49561598896980286,
      "p90_ms": 0.502784013748169,
      "samples_ms": [
        0.5079039931297302,
        0.502784013748169,
        0.5007359981536865,
        0.4997119903564453,
        0.5120000243186951,
        0.5007359981536865,
        0.4997119903564453,
        0.49561598896980286,
        0.4986880123615265,
        0.4976640045642853,
        0.4997119903564453,
        0.49561598896980286,
        0.4997119903564453,
        0.4935680031776428,
        0.4997119903564453,
        0.49561598896980286,
        0.4986880123615265,
        0.4986880123615265,
        0.4997119903564453,
        0.49663999676704407
      ],
      "status": "measured"
    }
  },
  "ratios": {
    "candidate_over_full_logits_reference": 1.099099066029249,
    "full_logits_reference_over_candidate": 0.9098360929490482
  },
  "schema_version": 1,
  "shape": {
    "batch": 1,
    "dtype": "float16",
    "hidden": 1024,
    "sampling_mode": "gumbel",
    "temperature": 1.0,
    "top_k": -1,
    "top_p": 1.0,
    "vocab": 151936
  }
}
