{
  "bytes": {
    "hidden_bytes": 3072,
    "materialized_logits_bytes": 303872,
    "weight_bytes": 466747392
  },
  "candidate_policy": {
    "block_hidden": 64,
    "block_vocab": 32,
    "blocks_per_row": 4748,
    "num_stages": 3,
    "num_warps": 4,
    "reduce_block": 8192,
    "strategy": "two_stage_lm_head_flash_sampling_epilogue_plan"
  },
  "cuda_available": true,
  "gate": {
    "eligible": true,
    "policy": {
      "block_hidden": 64,
      "block_vocab": 32,
      "blocks_per_row": 4748,
      "num_stages": 3,
      "num_warps": 4,
      "reduce_block": 8192,
      "strategy": "two_stage_lm_head_flash_sampling_epilogue_plan"
    },
    "reasons": []
  },
  "hardware": "NVIDIA L20",
  "paths": {
    "full_logits_reference": {
      "median_ms": 0.6533120274543762,
      "p10_ms": 0.6481919884681702,
      "p90_ms": 0.6553599834442139,
      "samples_ms": [
        0.6686720252037048,
        0.6543359756469727,
        0.6543359756469727,
        0.6533120274543762,
        0.6533120274543762,
        0.6553599834442139,
        0.6543359756469727,
        0.647167980670929,
        0.6533120274543762,
        0.6594560146331787,
        0.6492159962654114,
        0.6533120274543762,
        0.6533120274543762,
        0.6533120274543762,
        0.652288019657135,
        0.6533120274543762,
        0.6481919884681702,
        0.6533120274543762,
        0.6533120274543762,
        0.6481919884681702
      ]
    },
    "l20_lm_head_sampling_candidate": {
      "launch": {
        "block_batch": 1,
        "block_hidden": 128,
        "block_vocab": 32,
        "blocks_per_row": 4748,
        "num_stages": 3,
        "num_warps": 4,
        "reduce_block": 8192,
        "strategy": "two_stage_lm_head_gumbel_max"
      },
      "median_ms": 0.681984007358551,
      "p10_ms": 0.6799359917640686,
      "p90_ms": 0.6891520023345947,
      "samples_ms": [
        0.6891520023345947,
        0.6850559711456299,
        0.681984007358551,
        0.6830080151557922,
        0.6809599995613098,
        0.6850559711456299,
        0.6840320229530334,
        0.6830080151557922,
        0.681984007358551,
        0.6809599995613098,
        0.694271981716156,
        0.6778879761695862,
        0.6891520023345947,
        0.6809599995613098,
        0.6799359917640686,
        0.6809599995613098,
        0.681984007358551,
        0.6768640279769897,
        0.6830080151557922,
        0.681984007358551
      ],
      "status": "measured"
    }
  },
  "ratios": {
    "candidate_over_full_logits_reference": 1.0438871147312179,
    "full_logits_reference_over_candidate": 0.9579579878782984
  },
  "schema_version": 1,
  "shape": {
    "batch": 1,
    "dtype": "float16",
    "hidden": 1536,
    "sampling_mode": "gumbel",
    "temperature": 1.0,
    "top_k": -1,
    "top_p": 1.0,
    "vocab": 151936
  }
}
