{
  "bytes": {
    "hidden_bytes": 3072,
    "materialized_logits_bytes": 303872,
    "weight_bytes": 466747392
  },
  "candidate_policy": {
    "block_hidden": 64,
    "block_vocab": 32,
    "blocks_per_row": 4748,
    "num_stages": 3,
    "num_warps": 4,
    "reduce_block": 8192,
    "strategy": "two_stage_lm_head_flash_sampling_epilogue_plan"
  },
  "cuda_available": true,
  "gate": {
    "eligible": true,
    "policy": {
      "block_hidden": 64,
      "block_vocab": 32,
      "blocks_per_row": 4748,
      "num_stages": 3,
      "num_warps": 4,
      "reduce_block": 8192,
      "strategy": "two_stage_lm_head_flash_sampling_epilogue_plan"
    },
    "reasons": []
  },
  "hardware": "NVIDIA L20",
  "paths": {
    "full_logits_reference": {
      "median_ms": 0.6543359756469727,
      "p10_ms": 0.6492159962654114,
      "p90_ms": 0.6553599834442139,
      "samples_ms": [
        0.6625279784202576,
        0.652288019657135,
        0.6553599834442139,
        0.6553599834442139,
        0.6553599834442139,
        0.6553599834442139,
        0.6543359756469727,
        0.6492159962654114,
        0.654304027557373,
        0.6574079990386963,
        0.6492159962654114,
        0.6543359756469727,
        0.652288019657135,
        0.6543359756469727,
        0.6512640118598938,
        0.652288019657135,
        0.6492159962654114,
        0.6543359756469727,
        0.6553279757499695,
        0.6502400040626526
      ]
    },
    "l20_lm_head_sampling_candidate": {
      "launch": {
        "block_batch": 1,
        "block_hidden": 64,
        "block_vocab": 128,
        "blocks_per_row": 1187,
        "num_stages": 3,
        "num_warps": 8,
        "reduce_block": 2048,
        "strategy": "two_stage_lm_head_gumbel_max"
      },
      "median_ms": 0.7290880084037781,
      "p10_ms": 0.7280640006065369,
      "p90_ms": 0.7311360239982605,
      "samples_ms": [
        0.7403519749641418,
        0.7311360239982605,
        0.7301120162010193,
        0.7301120162010193,
        0.7321599721908569,
        0.7290880084037781,
        0.7301120162010193,
        0.7301120162010193,
        0.7311360239982605,
        0.7290880084037781,
        0.7290880084037781,
        0.7290880084037781,
        0.7280640006065369,
        0.7260159850120544,
        0.7301120162010193,
        0.7280640006065369,
        0.7280640006065369,
        0.7249919772148132,
        0.7290880084037781,
        0.7280640006065369
      ],
      "status": "measured"
    }
  },
  "ratios": {
    "candidate_over_full_logits_reference": 1.114241055877899,
    "full_logits_reference_over_candidate": 0.8974718663656763
  },
  "schema_version": 1,
  "shape": {
    "batch": 1,
    "dtype": "float16",
    "hidden": 1536,
    "sampling_mode": "gumbel",
    "temperature": 1.0,
    "top_k": -1,
    "top_p": 1.0,
    "vocab": 151936
  }
}
