{
  "bytes": {
    "hidden_bytes": 2048,
    "materialized_logits_bytes": 303872,
    "weight_bytes": 311164928
  },
  "candidate_policy": {
    "block_hidden": 64,
    "block_vocab": 32,
    "blocks_per_row": 4748,
    "num_stages": 3,
    "num_warps": 4,
    "reduce_block": 8192,
    "strategy": "two_stage_lm_head_flash_sampling_epilogue_plan"
  },
  "cuda_available": true,
  "gate": {
    "eligible": true,
    "policy": {
      "block_hidden": 64,
      "block_vocab": 32,
      "blocks_per_row": 4748,
      "num_stages": 3,
      "num_warps": 4,
      "reduce_block": 8192,
      "strategy": "two_stage_lm_head_flash_sampling_epilogue_plan"
    },
    "reasons": []
  },
  "hardware": "NVIDIA L20",
  "paths": {
    "full_logits_reference": {
      "median_ms": 0.45260798931121826,
      "p10_ms": 0.449535995721817,
      "p90_ms": 0.45772799849510193,
      "samples_ms": [
        0.4618239998817444,
        0.45772799849510193,
        0.45158401131629944,
        0.45772799849510193,
        0.4505600035190582,
        0.4556800127029419,
        0.4505600035190582,
        0.4556800127029419,
        0.4505600035190582,
        0.4556800127029419,
        0.4505600035190582,
        0.4536319971084595,
        0.4485119879245758,
        0.4556800127029419,
        0.449535995721817,
        0.4536319971084595,
        0.45260798931121826,
        0.449535995721817,
        0.45260798931121826,
        0.4485119879245758
      ]
    },
    "l20_lm_head_sampling_candidate": {
      "launch": {
        "block_batch": 1,
        "block_hidden": 64,
        "block_vocab": 256,
        "blocks_per_row": 594,
        "num_stages": 3,
        "num_warps": 8,
        "reduce_block": 1024,
        "strategy": "two_stage_lm_head_gumbel_max"
      },
      "median_ms": 0.4971520006656647,
      "p10_ms": 0.49561598896980286,
      "p90_ms": 0.5007359981536865,
      "samples_ms": [
        0.5058559775352478,
        0.49663999676704407,
        0.4986880123615265,
        0.4986880123615265,
        0.5007359981536865,
        0.4986880123615265,
        0.49561598896980286,
        0.5058559775352478,
        0.49663999676704407,
        0.4986880123615265,
        0.49561598896980286,
        0.4976640045642853,
        0.49561598896980286,
        0.49663999676704407,
        0.49663999676704407,
        0.4997119903564453,
        0.49561598896980286,
        0.49663999676704407,
        0.49561598896980286,
        0.5007359981536865
      ],
      "status": "measured"
    }
  },
  "ratios": {
    "candidate_over_full_logits_reference": 1.0984163170036698,
    "full_logits_reference_over_candidate": 0.9104016250667725
  },
  "schema_version": 1,
  "shape": {
    "batch": 1,
    "dtype": "float16",
    "hidden": 1024,
    "sampling_mode": "gumbel",
    "temperature": 1.0,
    "top_k": -1,
    "top_p": 1.0,
    "vocab": 151936
  }
}
