{
  "bytes": {
    "hidden_bytes": 3072,
    "materialized_logits_bytes": 303872,
    "weight_bytes": 466747392
  },
  "candidate_policy": {
    "block_hidden": 64,
    "block_vocab": 32,
    "blocks_per_row": 4748,
    "num_stages": 3,
    "num_warps": 4,
    "reduce_block": 8192,
    "strategy": "two_stage_lm_head_flash_sampling_epilogue_plan"
  },
  "cuda_available": true,
  "gate": {
    "eligible": true,
    "policy": {
      "block_hidden": 64,
      "block_vocab": 32,
      "blocks_per_row": 4748,
      "num_stages": 3,
      "num_warps": 4,
      "reduce_block": 8192,
      "strategy": "two_stage_lm_head_flash_sampling_epilogue_plan"
    },
    "reasons": []
  },
  "hardware": "NVIDIA L20",
  "paths": {
    "full_logits_reference": {
      "median_ms": 0.6533120274543762,
      "p10_ms": 0.6502400040626526,
      "p90_ms": 0.6553599834442139,
      "samples_ms": [
        0.6635519862174988,
        0.6574079990386963,
        0.6512640118598938,
        0.6543359756469727,
        0.652288019657135,
        0.6553599834442139,
        0.6553599834442139,
        0.6533120274543762,
        0.6502400040626526,
        0.6553599834442139,
        0.6533120274543762,
        0.6492159962654114,
        0.652288019657135,
        0.6543359756469727,
        0.6533120274543762,
        0.6512640118598938,
        0.6533120274543762,
        0.6492159962654114,
        0.6543359756469727,
        0.6533120274543762
      ]
    },
    "l20_lm_head_sampling_candidate": {
      "launch": {
        "block_batch": 1,
        "block_hidden": 128,
        "block_vocab": 128,
        "blocks_per_row": 1187,
        "num_stages": 3,
        "num_warps": 8,
        "reduce_block": 2048,
        "strategy": "two_stage_lm_head_gumbel_max"
      },
      "median_ms": 0.6814720034599304,
      "p10_ms": 0.6778879761695862,
      "p90_ms": 0.6850559711456299,
      "samples_ms": [
        0.6871039867401123,
        0.6850559711456299,
        0.6830080151557922,
        0.6778879761695862,
        0.6830080151557922,
        0.6850559711456299,
        0.6789119839668274,
        0.6809599995613098,
        0.6809599995613098,
        0.6850559711456299,
        0.6809599995613098,
        0.681984007358551,
        0.681984007358551,
        0.6758400201797485,
        0.681984007358551,
        0.6809599995613098,
        0.6778879761695862,
        0.6809599995613098,
        0.6809599995613098,
        0.681984007358551
      ],
      "status": "measured"
    }
  },
  "ratios": {
    "candidate_over_full_logits_reference": 1.0431034097371195,
    "full_logits_reference_over_candidate": 0.9586777213699433
  },
  "schema_version": 1,
  "shape": {
    "batch": 1,
    "dtype": "float16",
    "hidden": 1536,
    "sampling_mode": "gumbel",
    "temperature": 1.0,
    "top_k": -1,
    "top_p": 1.0,
    "vocab": 151936
  }
}
