{
  "bytes": {
    "hidden_bytes": 3072,
    "materialized_logits_bytes": 303872,
    "weight_bytes": 466747392
  },
  "candidate_policy": {
    "block_hidden": 64,
    "block_vocab": 32,
    "blocks_per_row": 4748,
    "num_stages": 3,
    "num_warps": 4,
    "reduce_block": 8192,
    "strategy": "two_stage_lm_head_flash_sampling_epilogue_plan"
  },
  "cuda_available": true,
  "gate": {
    "eligible": true,
    "policy": {
      "block_hidden": 64,
      "block_vocab": 32,
      "blocks_per_row": 4748,
      "num_stages": 3,
      "num_warps": 4,
      "reduce_block": 8192,
      "strategy": "two_stage_lm_head_flash_sampling_epilogue_plan"
    },
    "reasons": []
  },
  "hardware": "NVIDIA L20",
  "paths": {
    "full_logits_reference": {
      "median_ms": 0.6543359756469727,
      "p10_ms": 0.6492159962654114,
      "p90_ms": 0.6584320068359375,
      "samples_ms": [
        0.6789119839668274,
        0.6594560146331787,
        0.6584320068359375,
        0.6563839912414551,
        0.6553599834442139,
        0.6543359756469727,
        0.6492159962654114,
        0.6543359756469727,
        0.6543359756469727,
        0.6492159962654114,
        0.6553599834442139,
        0.6533120274543762,
        0.647167980670929,
        0.6533120274543762,
        0.6543359756469727,
        0.6481919884681702,
        0.6533120274543762,
        0.6533120274543762,
        0.6543359756469727,
        0.6512640118598938
      ]
    },
    "l20_lm_head_sampling_candidate": {
      "launch": {
        "block_batch": 1,
        "block_hidden": 256,
        "block_vocab": 64,
        "blocks_per_row": 2374,
        "num_stages": 3,
        "num_warps": 8,
        "reduce_block": 4096,
        "strategy": "two_stage_lm_head_gumbel_max"
      },
      "median_ms": 0.6681600213050842,
      "p10_ms": 0.6666240096092224,
      "p90_ms": 0.6717439889907837,
      "samples_ms": [
        0.681984007358551,
        0.6830080151557922,
        0.6707199811935425,
        0.6707199811935425,
        0.6676480174064636,
        0.6707199811935425,
        0.6717439889907837,
        0.6666240096092224,
        0.6686720252037048,
        0.6676480174064636,
        0.6686720252037048,
        0.6666240096092224,
        0.6686720252037048,
        0.6676480174064636,
        0.6656000018119812,
        0.6666240096092224,
        0.6696959733963013,
        0.6625279784202576,
        0.6676480174064636,
        0.6676480174064636
      ],
      "status": "measured"
    }
  },
  "ratios": {
    "candidate_over_full_logits_reference": 1.0211268311274542,
    "full_logits_reference_over_candidate": 0.9793102771532038
  },
  "schema_version": 1,
  "shape": {
    "batch": 1,
    "dtype": "float16",
    "hidden": 1536,
    "sampling_mode": "gumbel",
    "temperature": 1.0,
    "top_k": -1,
    "top_p": 1.0,
    "vocab": 151936
  }
}
