{
  "bytes": {
    "hidden_bytes": 12288,
    "materialized_logits_bytes": 1215488,
    "weight_bytes": 466747392
  },
  "candidate_policy": {
    "block_hidden": 128,
    "block_vocab": 64,
    "blocks_per_row": 2374,
    "num_stages": 3,
    "num_warps": 8,
    "reduce_block": 4096,
    "strategy": "two_stage_lm_head_flash_sampling_epilogue_plan"
  },
  "cuda_available": true,
  "gate": {
    "eligible": true,
    "policy": {
      "block_hidden": 128,
      "block_vocab": 64,
      "blocks_per_row": 2374,
      "num_stages": 3,
      "num_warps": 8,
      "reduce_block": 4096,
      "strategy": "two_stage_lm_head_flash_sampling_epilogue_plan"
    },
    "reasons": []
  },
  "hardware": "NVIDIA L20",
  "paths": {
    "full_logits_reference": {
      "median_ms": 0.7203840017318726,
      "p10_ms": 0.7157760262489319,
      "p90_ms": 0.7219200134277344,
      "samples_ms": [
        0.7352319955825806,
        0.7188479900360107,
        0.7229440212249756,
        0.7219200134277344,
        0.719871997833252,
        0.7157760262489319,
        0.7219200134277344,
        0.7208960056304932,
        0.719871997833252,
        0.7157760262489319,
        0.7208960056304932,
        0.7208960056304932,
        0.7188479900360107,
        0.7157760262489319,
        0.719871997833252,
        0.7208960056304932,
        0.719871997833252,
        0.7147520184516907,
        0.7208960056304932,
        0.7219200134277344
      ]
    },
    "l20_lm_head_sampling_candidate": {
      "launch": {
        "block_batch": 4,
        "block_hidden": 256,
        "block_vocab": 128,
        "blocks_per_row": 1187,
        "num_stages": 2,
        "num_warps": 8,
        "reduce_block": 2048,
        "strategy": "two_stage_lm_head_gumbel_max"
      },
      "median_ms": 0.681984007358551,
      "p10_ms": 0.6789119839668274,
      "p90_ms": 0.6871039867401123,
      "samples_ms": [
        0.6932479739189148,
        0.681984007358551,
        0.681984007358551,
        0.6830080151557922,
        0.6789119839668274,
        0.6850559711456299,
        0.6891520023345947,
        0.6789119839668274,
        0.681984007358551,
        0.6799359917640686,
        0.6809599995613098,
        0.6768640279769897,
        0.6799039840698242,
        0.6840320229530334,
        0.6799359917640686,
        0.6789119839668274,
        0.681984007358551,
        0.6871039867401123,
        0.6799359917640686,
        0.681984007358551
      ],
      "status": "measured"
    }
  },
  "ratios": {
    "candidate_over_full_logits_reference": 0.9466951038876429,
    "full_logits_reference_over_candidate": 1.0563062974483108
  },
  "schema_version": 1,
  "shape": {
    "batch": 4,
    "dtype": "float16",
    "hidden": 1536,
    "sampling_mode": "gumbel",
    "temperature": 1.0,
    "top_k": -1,
    "top_p": 1.0,
    "vocab": 151936
  }
}
