{
  "bytes": {
    "hidden_bytes": 12288,
    "materialized_logits_bytes": 1215488,
    "weight_bytes": 466747392
  },
  "candidate_policy": {
    "block_hidden": 128,
    "block_vocab": 64,
    "blocks_per_row": 2374,
    "num_stages": 3,
    "num_warps": 8,
    "reduce_block": 4096,
    "strategy": "two_stage_lm_head_flash_sampling_epilogue_plan"
  },
  "cuda_available": true,
  "gate": {
    "eligible": true,
    "policy": {
      "block_hidden": 128,
      "block_vocab": 64,
      "blocks_per_row": 2374,
      "num_stages": 3,
      "num_warps": 8,
      "reduce_block": 4096,
      "strategy": "two_stage_lm_head_flash_sampling_epilogue_plan"
    },
    "reasons": []
  },
  "hardware": "NVIDIA L20",
  "paths": {
    "full_logits_reference": {
      "median_ms": 0.7208960056304932,
      "p10_ms": 0.7147520184516907,
      "p90_ms": 0.7239680290222168,
      "samples_ms": [
        0.7321599721908569,
        0.7239680290222168,
        0.7167999744415283,
        0.7219200134277344,
        0.7208960056304932,
        0.7219200134277344,
        0.7147520184516907,
        0.7208960056304932,
        0.719871997833252,
        0.7229440212249756,
        0.7147520184516907,
        0.7219200134277344,
        0.719871997833252,
        0.7208960056304932,
        0.7147520184516907,
        0.7208960056304932,
        0.7239680290222168,
        0.7208960056304932,
        0.7147520184516907,
        0.7219200134277344
      ]
    },
    "l20_lm_head_sampling_candidate": {
      "launch": {
        "block_batch": 4,
        "block_hidden": 128,
        "block_vocab": 256,
        "blocks_per_row": 594,
        "num_stages": 2,
        "num_warps": 8,
        "reduce_block": 1024,
        "strategy": "two_stage_lm_head_gumbel_max"
      },
      "median_ms": 0.6830080151557922,
      "p10_ms": 0.6799359917640686,
      "p90_ms": 0.766975998878479,
      "samples_ms": [
        0.78438401222229,
        0.7772160172462463,
        0.766975998878479,
        0.749567985534668,
        0.7598080039024353,
        0.7004160284996033,
        0.6860799789428711,
        0.6799359917640686,
        0.6830080151557922,
        0.6830080151557922,
        0.681984007358551,
        0.6789119839668274,
        0.6830080151557922,
        0.6901760101318359,
        0.6799359917640686,
        0.681984007358551,
        0.681984007358551,
        0.694271981716156,
        0.6809599995613098,
        0.681984007358551
      ],
      "status": "measured"
    }
  },
  "ratios": {
    "candidate_over_full_logits_reference": 0.947443195441811,
    "full_logits_reference_over_candidate": 1.0554722486910477
  },
  "schema_version": 1,
  "shape": {
    "batch": 4,
    "dtype": "float16",
    "hidden": 1536,
    "sampling_mode": "gumbel",
    "temperature": 1.0,
    "top_k": -1,
    "top_p": 1.0,
    "vocab": 151936
  }
}
