{
  "bytes": {
    "hidden_bytes": 12288,
    "materialized_logits_bytes": 1215488,
    "weight_bytes": 466747392
  },
  "candidate_policy": {
    "block_hidden": 128,
    "block_vocab": 64,
    "blocks_per_row": 2374,
    "num_stages": 3,
    "num_warps": 8,
    "reduce_block": 4096,
    "strategy": "two_stage_lm_head_flash_sampling_epilogue_plan"
  },
  "cuda_available": true,
  "gate": {
    "eligible": true,
    "policy": {
      "block_hidden": 128,
      "block_vocab": 64,
      "blocks_per_row": 2374,
      "num_stages": 3,
      "num_warps": 8,
      "reduce_block": 4096,
      "strategy": "two_stage_lm_head_flash_sampling_epilogue_plan"
    },
    "reasons": []
  },
  "hardware": "NVIDIA L20",
  "paths": {
    "full_logits_reference": {
      "median_ms": 0.7188479900360107,
      "p10_ms": 0.7147520184516907,
      "p90_ms": 0.7208960056304932,
      "samples_ms": [
        0.7280640006065369,
        0.7229440212249756,
        0.7208960056304932,
        0.7147520184516907,
        0.719871997833252,
        0.719871997833252,
        0.7188479900360107,
        0.7137280106544495,
        0.719871997833252,
        0.719871997833252,
        0.7188479900360107,
        0.7147520184516907,
        0.719871997833252,
        0.7188479900360107,
        0.7178239822387695,
        0.7147520184516907,
        0.7188479900360107,
        0.7188479900360107,
        0.7188479900360107,
        0.7137280106544495
      ]
    },
    "l20_lm_head_sampling_candidate": {
      "launch": {
        "block_batch": 4,
        "block_hidden": 128,
        "block_vocab": 128,
        "blocks_per_row": 1187,
        "num_stages": 3,
        "num_warps": 8,
        "reduce_block": 2048,
        "strategy": "two_stage_lm_head_gumbel_max"
      },
      "median_ms": 0.6814720034599304,
      "p10_ms": 0.6799359917640686,
      "p90_ms": 0.7649279832839966,
      "samples_ms": [
        0.7761920094490051,
        0.766975998878479,
        0.7649279832839966,
        0.7618560194969177,
        0.696287989616394,
        0.6840320229530334,
        0.681984007358551,
        0.6912000179290771,
        0.6809599995613098,
        0.6799359917640686,
        0.6809599995613098,
        0.6758400201797485,
        0.6809599995613098,
        0.681984007358551,
        0.6778879761695862,
        0.6799359917640686,
        0.6809599995613098,
        0.6809599995613098,
        0.6809599995613098,
        0.681984007358551
      ],
      "status": "measured"
    }
  },
  "ratios": {
    "candidate_over_full_logits_reference": 0.9480057159592141,
    "full_logits_reference_over_candidate": 1.0548459604889373
  },
  "schema_version": 1,
  "shape": {
    "batch": 4,
    "dtype": "float16",
    "hidden": 1536,
    "sampling_mode": "gumbel",
    "temperature": 1.0,
    "top_k": -1,
    "top_p": 1.0,
    "vocab": 151936
  }
}
