{
  "bytes": {
    "hidden_bytes": 8192,
    "materialized_logits_bytes": 1215488,
    "weight_bytes": 311164928
  },
  "candidate_policy": {
    "block_hidden": 128,
    "block_vocab": 64,
    "blocks_per_row": 2374,
    "num_stages": 3,
    "num_warps": 8,
    "reduce_block": 4096,
    "strategy": "two_stage_lm_head_flash_sampling_epilogue_plan"
  },
  "cuda_available": true,
  "gate": {
    "eligible": true,
    "policy": {
      "block_hidden": 128,
      "block_vocab": 64,
      "blocks_per_row": 2374,
      "num_stages": 3,
      "num_warps": 8,
      "reduce_block": 4096,
      "strategy": "two_stage_lm_head_flash_sampling_epilogue_plan"
    },
    "reasons": []
  },
  "hardware": "NVIDIA L20",
  "paths": {
    "full_logits_reference": {
      "median_ms": 0.5007359981536865,
      "p10_ms": 0.4976640045642853,
      "p90_ms": 0.5038080215454102,
      "samples_ms": [
        0.5120000243186951,
        0.5007359981536865,
        0.5048320293426514,
        0.4997119903564453,
        0.5007359981536865,
        0.4976640045642853,
        0.5007359981536865,
        0.5038080215454102,
        0.4986880123615265,
        0.5038080215454102,
        0.4976640045642853,
        0.5038080215454102,
        0.4976640045642853,
        0.5038080215454102,
        0.4986880123615265,
        0.502784013748169,
        0.4986880123615265,
        0.5038080215454102,
        0.4986880123615265,
        0.502784013748169
      ]
    },
    "l20_lm_head_sampling_candidate": {
      "launch": {
        "block_batch": 4,
        "block_hidden": 128,
        "block_vocab": 64,
        "blocks_per_row": 2374,
        "num_stages": 3,
        "num_warps": 8,
        "reduce_block": 4096,
        "strategy": "two_stage_lm_head_gumbel_max"
      },
      "median_ms": 0.46592000126838684,
      "p10_ms": 0.4628480076789856,
      "p90_ms": 0.47513601183891296,
      "samples_ms": [
        0.47206398844718933,
        0.4761599898338318,
        0.46592000126838684,
        0.47513601183891296,
        0.46489599347114563,
        0.4833280146121979,
        0.46592000126838684,
        0.46489599347114563,
        0.46592000126838684,
        0.4628480076789856,
        0.4679679870605469,
        0.4618239998817444,
        0.46592000126838684,
        0.4628480076789856,
        0.4700160026550293,
        0.4618239998817444,
        0.46592000126838684,
        0.4628480076789856,
        0.46592000126838684,
        0.4638719856739044
      ],
      "status": "measured"
    }
  },
  "ratios": {
    "candidate_over_full_logits_reference": 0.9304703536121365,
    "full_logits_reference_over_candidate": 1.0747252678367942
  },
  "schema_version": 1,
  "shape": {
    "batch": 4,
    "dtype": "float16",
    "hidden": 1024,
    "sampling_mode": "gumbel",
    "temperature": 1.0,
    "top_k": -1,
    "top_p": 1.0,
    "vocab": 151936
  }
}
