{
  "best_correct": {
    "block_q": 1,
    "block_t": 128,
    "correct": true,
    "max_abs_error": 0.00048828125,
    "median_ms": 0.07782399654388428,
    "num_warps": 4,
    "p10_ms": 0.07475200295448303,
    "p90_ms": 0.08806400001049042,
    "path": "scalar_split_kv",
    "samples_ms": [
      0.11059200018644333,
      0.08806400001049042,
      0.08396799862384796,
      0.0798719972372055,
      0.07884799689054489,
      0.0798719972372055,
      0.07782399654388428,
      0.07475200295448303,
      0.09318400174379349,
      0.08191999793052673,
      0.07884799689054489,
      0.07680000364780426,
      0.07782399654388428,
      0.07475200295448303,
      0.07680000364780426,
      0.07884799689054489,
      0.0798719972372055,
      0.07680000364780426,
      0.09011200070381165,
      0.08294399827718735,
      0.07577600330114365,
      0.07680000364780426,
      0.07782399654388428,
      0.07680000364780426,
      0.07475200295448303,
      0.07372800260782242,
      0.07475200295448303,
      0.07475200295448303,
      0.08396799862384796,
      0.07577600330114365
    ],
    "split_size": 512
  },
  "gpu": "NVIDIA L20",
  "reports": [
    {
      "block_q": 1,
      "block_t": 128,
      "correct": true,
      "max_abs_error": 0.00048828125,
      "median_ms": 0.07782399654388428,
      "num_warps": 4,
      "p10_ms": 0.07475200295448303,
      "p90_ms": 0.08806400001049042,
      "path": "scalar_split_kv",
      "samples_ms": [
        0.11059200018644333,
        0.08806400001049042,
        0.08396799862384796,
        0.0798719972372055,
        0.07884799689054489,
        0.0798719972372055,
        0.07782399654388428,
        0.07475200295448303,
        0.09318400174379349,
        0.08191999793052673,
        0.07884799689054489,
        0.07680000364780426,
        0.07782399654388428,
        0.07475200295448303,
        0.07680000364780426,
        0.07884799689054489,
        0.0798719972372055,
        0.07680000364780426,
        0.09011200070381165,
        0.08294399827718735,
        0.07577600330114365,
        0.07680000364780426,
        0.07782399654388428,
        0.07680000364780426,
        0.07475200295448303,
        0.07372800260782242,
        0.07475200295448303,
        0.07475200295448303,
        0.08396799862384796,
        0.07577600330114365
      ],
      "split_size": 512
    },
    {
      "block_q": 2,
      "block_t": 128,
      "correct": true,
      "max_abs_error": 0.00048828125,
      "median_ms": 0.08089599758386612,
      "num_warps": 4,
      "p10_ms": 0.07983999699354172,
      "p90_ms": 0.09523200243711472,
      "path": "tensor_core_candidate",
      "samples_ms": [
        0.11059200018644333,
        0.09011200070381165,
        0.08601599931716919,
        0.08191999793052673,
        0.07983999699354172,
        0.0798719972372055,
        0.07884799689054489,
        0.0798719972372055,
        0.08294399827718735,
        0.10444799810647964,
        0.09523200243711472,
        0.08396799862384796,
        0.0798719972372055,
        0.08191999793052673,
        0.07884799689054489,
        0.08191999793052673,
        0.0798719972372055,
        0.08089599758386612,
        0.0798719972372055,
        0.1013759970664978,
        0.08294399827718735,
        0.0798719972372055,
        0.08089599758386612,
        0.08089599758386612,
        0.07884799689054489,
        0.0798719972372055,
        0.0798719972372055,
        0.0798719972372055,
        0.09011200070381165,
        0.08806400001049042
      ],
      "split_size": 512
    },
    {
      "block_d": 64,
      "block_q": 2,
      "block_t": 128,
      "correct": true,
      "max_abs_error": 0.00048828125,
      "median_ms": 0.08294399827718735,
      "num_warps": 4,
      "p10_ms": 0.08089599758386612,
      "p90_ms": 0.09625600278377533,
      "path": "tensor_core_dsplit_candidate",
      "samples_ms": [
        0.09728000313043594,
        0.0870399996638298,
        0.09728000313043594,
        0.09523200243711472,
        0.08499199897050858,
        0.08499199897050858,
        0.08191999793052673,
        0.08294399827718735,
        0.08191999793052673,
        0.08191999793052673,
        0.08294399827718735,
        0.08294399827718735,
        0.1013759970664978,
        0.08499199897050858,
        0.08294399827718735,
        0.08396799862384796,
        0.08294399827718735,
        0.08294399827718735,
        0.0798719972372055,
        0.08089599758386612,
        0.08294399827718735,
        0.09625600278377533,
        0.09011200070381165,
        0.08499199897050858,
        0.08396799862384796,
        0.08191999793052673,
        0.08089599758386612,
        0.0798719972372055,
        0.08089599758386612,
        0.08089599758386612
      ],
      "split_size": 512
    }
  ],
  "schema_version": 1,
  "shape": {
    "batch": 1,
    "context": 4096,
    "dtype": "bfloat16",
    "head_dim": 128,
    "kv_heads": 8,
    "q_heads": 16
  }
}
