{
  "best_correct": {
    "block_q": 1,
    "block_t": 64,
    "correct": true,
    "max_abs_error": 0.001953125,
    "median_ms": 0.0798719972372055,
    "num_warps": 4,
    "p10_ms": 0.07372800260782242,
    "p90_ms": 0.11264000087976456,
    "path": "scalar_split_kv",
    "samples_ms": [
      0.11264000087976456,
      0.08806400001049042,
      0.0798719972372055,
      0.07884799689054489,
      0.07372800260782242
    ],
    "split_size": 256
  },
  "gpu": "NVIDIA L20",
  "reports": [
    {
      "block_q": 1,
      "block_t": 64,
      "correct": true,
      "max_abs_error": 0.001953125,
      "median_ms": 0.0798719972372055,
      "num_warps": 4,
      "p10_ms": 0.07372800260782242,
      "p90_ms": 0.11264000087976456,
      "path": "scalar_split_kv",
      "samples_ms": [
        0.11264000087976456,
        0.08806400001049042,
        0.0798719972372055,
        0.07884799689054489,
        0.07372800260782242
      ],
      "split_size": 256
    },
    {
      "block_q": 2,
      "block_t": 64,
      "correct": true,
      "max_abs_error": 0.001953125,
      "median_ms": 0.08191999793052673,
      "num_warps": 4,
      "p10_ms": 0.08191999793052673,
      "p90_ms": 0.10547199845314026,
      "path": "tensor_core_candidate",
      "samples_ms": [
        0.10547199845314026,
        0.09011200070381165,
        0.08191999793052673,
        0.08191999793052673,
        0.08191999793052673
      ],
      "split_size": 256
    },
    {
      "block_d": 64,
      "block_q": 2,
      "block_t": 64,
      "correct": true,
      "max_abs_error": 0.001953125,
      "median_ms": 0.30720001459121704,
      "num_warps": 4,
      "p10_ms": 0.27033600211143494,
      "p90_ms": 0.4055039882659912,
      "path": "tensor_core_dsplit_candidate",
      "samples_ms": [
        0.4055039882659912,
        0.30720001459121704,
        0.27033600211143494,
        0.32972800731658936,
        0.29388800263404846
      ],
      "split_size": 256
    }
  ],
  "schema_version": 1,
  "shape": {
    "batch": 1,
    "context": 512,
    "dtype": "bfloat16",
    "head_dim": 128,
    "kv_heads": 8,
    "q_heads": 16
  }
}
