{
  "gpu": "NVIDIA L20",
  "reports": [
    {
      "batch": 8,
      "context": 4096,
      "correct": true,
      "kv_heads": 8,
      "latency_ms": {
        "cuda_bf16_predequantized": 0.20187135696411132,
        "cuda_fp8_fused_dequant": 0.3639091110229492,
        "cuda_fp8_materialize_then_bf16": 2.098032684326172
      },
      "max_abs_error": 6.103515625e-05,
      "q_heads": 16,
      "ratios": {
        "fp8_fused_vs_bf16_predequantized": 0.5547301533524416,
        "fp8_fused_vs_materialized": 5.765265613791857
      },
      "split_size": 512
    }
  ]
}
