{
  "comparisons": [
    {
      "baseline_median_ms": 0.434688001871109,
      "batch": 16,
      "contiguous_median_ms": 0.15718399733304977,
      "contiguous_speedup_vs_baseline": 2.765472371529457,
      "paged_median_ms": 0.16230399906635284,
      "paged_over_contiguous": 0.9684542478142518,
      "paged_speedup_vs_baseline": 2.6782334654206554,
      "paged_suffix_median_ms": 0.23654399812221527,
      "paged_suffix_over_contiguous_suffix": 0.6861471876470744,
      "paged_suffix_speedup_vs_baseline": 1.8376623601606608,
      "prefix_length": 4096,
      "suffix_length": 64
    },
    {
      "baseline_median_ms": 0.447488009929657,
      "batch": 16,
      "contiguous_median_ms": 0.1602720022201538,
      "contiguous_speedup_vs_baseline": 2.7920535323129974,
      "paged_median_ms": 0.1659040004014969,
      "paged_over_contiguous": 0.9660526680024994,
      "paged_speedup_vs_baseline": 2.697270764096774,
      "paged_suffix_median_ms": 0.2380800023674965,
      "paged_suffix_over_contiguous_suffix": 0.6968413926063817,
      "paged_suffix_speedup_vs_baseline": 1.879569915489675,
      "prefix_length": 4096,
      "suffix_length": 256
    },
    {
      "baseline_median_ms": 0.8007680177688599,
      "batch": 16,
      "contiguous_median_ms": 0.23449599742889404,
      "contiguous_speedup_vs_baseline": 3.4148472747884573,
      "paged_median_ms": 0.2452479973435402,
      "paged_over_contiguous": 0.956158663756243,
      "paged_speedup_vs_baseline": 3.2651358071933796,
      "paged_suffix_median_ms": 0.3194880038499832,
      "paged_suffix_over_contiguous_suffix": 0.7676281875631779,
      "paged_suffix_speedup_vs_baseline": 2.5064102818234875,
      "prefix_length": 8192,
      "suffix_length": 64
    },
    {
      "baseline_median_ms": 0.8161280155181885,
      "batch": 16,
      "contiguous_median_ms": 0.2385919988155365,
      "contiguous_speedup_vs_baseline": 3.420600940390983,
      "paged_median_ms": 0.24729599803686142,
      "paged_over_contiguous": 0.964803315498751,
      "paged_speedup_vs_baseline": 3.300207128287366,
      "paged_suffix_median_ms": 0.3256320059299469,
      "paged_suffix_over_contiguous_suffix": 0.759433942405717,
      "paged_suffix_speedup_vs_baseline": 2.5062893101907244,
      "prefix_length": 8192,
      "suffix_length": 256
    }
  ],
  "gpu": "NVIDIA L20",
  "reports": [
    {
      "batch": 16,
      "correct": true,
      "max_abs_error": 0.00048828125,
      "median_ms": 0.434688001871109,
      "p10_ms": 0.42905598878860474,
      "p90_ms": 0.44441598653793335,
      "path": "per_request_full_split_kv",
      "prefix_length": 4096,
      "samples_ms": [
        0.45977601408958435,
        0.4433920085430145,
        0.4403199851512909,
        0.43110400438308716,
        0.44543999433517456,
        0.4341759979724884,
        0.4362240135669708,
        0.4280320107936859,
        0.4362240135669708,
        0.4270080029964447,
        0.44441598653793335,
        0.42905598878860474,
        0.43212801218032837,
        0.43724799156188965,
        0.4331519901752472,
        0.4352000057697296,
        0.43007999658584595,
        0.4362240135669708,
        0.42905598878860474,
        0.4331519901752472
      ],
      "suffix_length": 64
    },
    {
      "batch": 16,
      "correct": true,
      "max_abs_error": 0.00048828125,
      "median_ms": 0.15718399733304977,
      "p10_ms": 0.15360000729560852,
      "p90_ms": 0.16486400365829468,
      "path": "shared_prefix_suffix_contiguous",
      "prefix_length": 4096,
      "samples_ms": [
        0.16076800227165222,
        0.15769599378108978,
        0.1730560064315796,
        0.16182400286197662,
        0.16486400365829468,
        0.15769599378108978,
        0.15667200088500977,
        0.15564799308776855,
        0.16076800227165222,
        0.15667200088500977,
        0.15667200088500977,
        0.15462400019168854,
        0.15564799308776855,
        0.15360000729560852,
        0.159743994474411,
        0.15564799308776855,
        0.15360000729560852,
        0.15769599378108978,
        0.15360000729560852,
        0.18329599499702454
      ],
      "suffix_length": 64
    },
    {
      "batch": 16,
      "correct": true,
      "max_abs_error": 0.00048828125,
      "median_ms": 0.16230399906635284,
      "p10_ms": 0.16076800227165222,
      "p90_ms": 0.1730560064315796,
      "path": "shared_prefix_suffix_paged",
      "prefix_length": 4096,
      "samples_ms": [
        0.1669120043516159,
        0.17100800573825836,
        0.1740799993276596,
        0.16790400445461273,
        0.16179199516773224,
        0.16281600296497345,
        0.1730560064315796,
        0.1658879965543747,
        0.16179199516773224,
        0.16179199516773224,
        0.16179199516773224,
        0.16076800227165222,
        0.16793599724769592,
        0.16179199516773224,
        0.16179199516773224,
        0.16076800227165222,
        0.158720001578331,
        0.19046400487422943,
        0.16383999586105347,
        0.16179199516773224
      ],
      "suffix_length": 64
    },
    {
      "batch": 16,
      "correct": true,
      "max_abs_error": 0.00048828125,
      "median_ms": 0.23654399812221527,
      "p10_ms": 0.2314240038394928,
      "p90_ms": 0.2519040107727051,
      "path": "shared_prefix_paged_suffix_paged",
      "prefix_length": 4096,
      "samples_ms": [
        0.2549760043621063,
        0.2457599937915802,
        0.23654399812221527,
        0.2519040107727051,
        0.23756800591945648,
        0.2303999960422516,
        0.23449599742889404,
        0.2693119943141937,
        0.23347200453281403,
        0.23347200453281403,
        0.2314240038394928,
        0.24268800020217896,
        0.23347200453281403,
        0.23244799673557281,
        0.2303999960422516,
        0.24166400730609894,
        0.24371199309825897,
        0.23654399812221527,
        0.2314240038394928,
        0.24166400730609894
      ],
      "suffix_length": 64
    },
    {
      "batch": 16,
      "correct": true,
      "max_abs_error": 0.00048828125,
      "median_ms": 0.447488009929657,
      "p10_ms": 0.4413439929485321,
      "p90_ms": 0.45977601408958435,
      "path": "per_request_full_split_kv",
      "prefix_length": 4096,
      "samples_ms": [
        0.4618239998817444,
        0.4628480076789856,
        0.44543999433517456,
        0.45977601408958435,
        0.44441598653793335,
        0.4485119879245758,
        0.4413439929485321,
        0.4485119879245758,
        0.4433920085430145,
        0.447488009929657,
        0.449535995721817,
        0.447488009929657,
        0.4433920085430145,
        0.4485119879245758,
        0.44646400213241577,
        0.4413439929485321,
        0.45158401131629944,
        0.4413439929485321,
        0.4505600035190582,
        0.447488009929657
      ],
      "suffix_length": 256
    },
    {
      "batch": 16,
      "correct": true,
      "max_abs_error": 0.00048828125,
      "median_ms": 0.1602720022201538,
      "p10_ms": 0.15769599378108978,
      "p90_ms": 0.16896000504493713,
      "path": "shared_prefix_suffix_contiguous",
      "prefix_length": 4096,
      "samples_ms": [
        0.16383999586105347,
        0.16076800227165222,
        0.1597760021686554,
        0.16179199516773224,
        0.16998399794101715,
        0.158720001578331,
        0.158720001578331,
        0.158720001578331,
        0.1669120043516159,
        0.16896000504493713,
        0.16281600296497345,
        0.158720001578331,
        0.158720001578331,
        0.1658879965543747,
        0.16179199516773224,
        0.15769599378108978,
        0.15769599378108978,
        0.15667200088500977,
        0.15564799308776855,
        0.16998399794101715
      ],
      "suffix_length": 256
    },
    {
      "batch": 16,
      "correct": true,
      "max_abs_error": 0.00048828125,
      "median_ms": 0.1659040004014969,
      "p10_ms": 0.16383999586105347,