{
  "gpu": "NVIDIA L20",
  "reports": [
    {
      "batch": 8,
      "context": 4096,
      "correct": true,
      "kv_heads": 2,
      "latency_ms": {
        "cuda_bf16_predequantized": 0.08880127906799316,
        "cuda_fp8_fused_dequant": 0.26990591049194335,
        "cuda_fp8_materialize_then_bf16": 0.25587711334228513
      },
      "max_abs_error": 6.103515625e-05,
      "q_heads": 12,
      "ratios": {
        "fp8_fused_vs_bf16_predequantized": 0.32900827887073586,
        "fp8_fused_vs_materialized": 0.9480233792432012
      },
      "split_size": 256
    }
  ]
}
