{
  "gpu": "NVIDIA L20",
  "reports": [
    {
      "batch": 8,
      "context": 4096,
      "correct": true,
      "kv_heads": 2,
      "latency_ms": {
        "cuda_bf16_predequantized": 0.0881049633026123,
        "cuda_fp8_fused_dequant": 0.26361856460571287,
        "cuda_fp8_materialize_then_bf16": 0.256102409362793
      },
      "max_abs_error": 6.103515625e-05,
      "q_heads": 12,
      "ratios": {
        "fp8_fused_vs_bf16_predequantized": 0.334213804078588,
        "fp8_fused_vs_materialized": 0.9714885207187074
      },
      "split_size": 128
    }
  ]
}
