{
  "gpu": "NVIDIA L20",
  "reports": [
    {
      "batch": 8,
      "context": 4096,
      "correct": true,
      "kv_heads": 8,
      "latency_ms": {
        "cuda_bf16_predequantized": 0.20305919647216797,
        "cuda_fp8_fused_dequant": 0.38391807556152346,
        "cuda_fp8_materialize_then_bf16": 2.1022720336914062
      },
      "max_abs_error": 6.103515625e-05,
      "q_heads": 16,
      "ratios": {
        "fp8_fused_vs_bf16_predequantized": 0.5289128316638153,
        "fp8_fused_vs_materialized": 5.475834995829765
      },
      "split_size": 1024
    }
  ]
}
