{
  "gpu": "NVIDIA L20",
  "reports": [
    {
      "batch": 8,
      "context": 4096,
      "correct": true,
      "kv_heads": 2,
      "latency_ms": {
        "cuda_bf16_predequantized": 0.11454463958740234,
        "cuda_fp8_fused_dequant": 0.3696844863891602,
        "cuda_fp8_materialize_then_bf16": 0.2802688026428223
      },
      "max_abs_error": 6.103515625e-05,
      "q_heads": 12,
      "ratios": {
        "fp8_fused_vs_bf16_predequantized": 0.3098443234829802,
        "fp8_fused_vs_materialized": 0.7581297375508161
      },
      "split_size": 1024
    }
  ]
}
