{
  "gpu": "NVIDIA L20",
  "reports": [
    {
      "batch": 8,
      "context": 4096,
      "correct": true,
      "kv_heads": 8,
      "latency_ms": {
        "cuda_bf16_predequantized": 0.20551679611206056,
        "cuda_fp8_fused_dequant": 0.3419545745849609,
        "cuda_fp8_materialize_then_bf16": 2.1033369445800782
      },
      "max_abs_error": 6.103515625e-05,
      "q_heads": 16,
      "ratios": {
        "fp8_fused_vs_bf16_predequantized": 0.6010061317691147,
        "fp8_fused_vs_materialized": 6.150925008483809
      },
      "split_size": 64
    }
  ]
}
