{
  "comparisons": [
    {
      "baseline_median_ms": 0.7997440099716187,
      "batch": 16,
      "best_candidate_median_ms": 0.23296000063419342,
      "best_prefix_block_m": 8,
      "best_prefix_block_t": 128,
      "prefix_length": 8192,
      "speedup": 3.432967066425367,
      "suffix_length": 64
    },
    {
      "baseline_median_ms": 0.8151040077209473,
      "batch": 16,
      "best_candidate_median_ms": 0.23756800591945648,
      "best_prefix_block_m": 8,
      "best_prefix_block_t": 128,
      "prefix_length": 8192,
      "speedup": 3.431034429767849,
      "suffix_length": 256
    }
  ],
  "gpu": "NVIDIA L20",
  "reports": [
    {
      "batch": 16,
      "correct": true,
      "max_abs_error": 0.00048828125,
      "median_ms": 0.7997440099716187,
      "p10_ms": 0.7987200021743774,
      "p90_ms": 0.8069120049476624,
      "path": "per_request_full_split_kv",
      "prefix_block_m": null,
      "prefix_block_t": null,
      "prefix_length": 8192,
      "samples_ms": [
        0.819167971611023,
        0.8058879971504211,
        0.8110079765319824,
        0.8028159737586975,
        0.7997440099716187,
        0.7997440099716187,
        0.7987200021743774,
        0.7987200021743774,
        0.8069120049476624,
        0.796671986579895,
        0.8007680177688599,
        0.7987200021743774,
        0.8007680177688599,
        0.8017920255661011,
        0.7936000227928162,
        0.7997440099716187,
        0.8017920255661011,
        0.7987200021743774,
        0.7987200021743774,
        0.7987200021743774
      ],
      "suffix_length": 64
    },
    {
      "batch": 16,
      "correct": true,
      "max_abs_error": 0.00048828125,
      "median_ms": 0.23296000063419342,
      "p10_ms": 0.2314240038394928,
      "p90_ms": 0.24268800020217896,
      "path": "shared_prefix_suffix_merge",
      "prefix_block_m": 8,
      "prefix_block_t": 128,
      "prefix_length": 8192,
      "samples_ms": [
        0.2457599937915802,
        0.24268800020217896,
        0.23756800591945648,
        0.23449599742889404,
        0.23347200453281403,
        0.2396160066127777,
        0.23244799673557281,
        0.23244799673557281,
        0.2314240038394928,
        0.24063999950885773,
        0.23244799673557281,
        0.23244799673557281,
        0.23244799673557281,
        0.2396160066127777,
        0.23244799673557281,
        0.2314240038394928,
        0.2303999960422516,
        0.2457599937915802,
        0.23654399812221527,
        0.23244799673557281
      ],
      "suffix_length": 64
    },
    {
      "batch": 16,
      "correct": true,
      "max_abs_error": 0.00048828125,
      "median_ms": 0.8151040077209473,
      "p10_ms": 0.8120319843292236,
      "p90_ms": 0.8325120210647583,
      "path": "per_request_full_split_kv",
      "prefix_block_m": null,
      "prefix_block_t": null,
      "prefix_length": 8192,
      "samples_ms": [
        0.899071991443634,
        0.8878080248832703,
        0.8325120210647583,
        0.8151040077209473,
        0.8161280155181885,
        0.8151040077209473,
        0.8304640054702759,
        0.8069120049476624,
        0.8151040077209473,
        0.8151040077209473,
        0.814079999923706,
        0.8151040077209473,
        0.8171520233154297,
        0.8079360127449036,
        0.8151360154151917,
        0.8120319843292236,
        0.8151040077209473,
        0.8130559921264648,
        0.8151040077209473,
        0.8161280155181885
      ],
      "suffix_length": 256
    },
    {
      "batch": 16,
      "correct": true,
      "max_abs_error": 0.00048828125,
      "median_ms": 0.23756800591945648,
      "p10_ms": 0.23552000522613525,
      "p90_ms": 0.2457599937915802,
      "path": "shared_prefix_suffix_merge",
      "prefix_block_m": 8,
      "prefix_block_t": 128,
      "prefix_length": 8192,
      "samples_ms": [
        0.2457599937915802,
        0.2385919988155365,
        0.2457599937915802,
        0.24371199309825897,
        0.23756800591945648,
        0.23552000522613525,
        0.24268800020217896,
        0.23654399812221527,
        0.23552000522613525,
        0.23449599742889404,
        0.2457599937915802,
        0.23756800591945648,
        0.23654399812221527,
        0.23552000522613525,
        0.24166400730609894,
        0.23552000522613525,
        0.23552000522613525,
        0.23552000522613525,
        0.24371199309825897,
        0.2396160066127777
      ],
      "suffix_length": 256
    }
  ],
  "schema_version": 1,
  "shape": {
    "dtype": "bfloat16",
    "head_dim": 128,
    "kv_heads": 8,
    "q_heads": 16,
    "shared_prefix_plus_suffix": true
  }
}
