{
  "gpu": "NVIDIA L20",
  "reports": [
    {
      "baseline_ms": 0.032315040264000124,
      "baseline_samples_ms": [
        0.032287695477591166,
        0.0323806877251613,
        0.032315040264000124,
        0.03242903407024817,
        0.03227710138061326,
        0.032247240799964404,
        0.032348968722041904,
        0.03236123150675145,
        0.03229113994021189
      ],
      "fused_ms": 0.029410120146789762,
      "fused_samples_ms": [
        0.030291159275420913,
        0.026940933056322027,
        0.030211271024449312,
        0.031054392283025024,
        0.02706846381540536,
        0.029380240010491304,
        0.03041086791510805,
        0.027116589224824336,
        0.029410120146789762
      ],
      "num_warps": 1,
      "speedup": 1.098772806867552,
      "tokens": 512
    },
    {
      "baseline_ms": 0.05789125342471678,
      "baseline_samples_ms": [
        0.0583426699631493,
        0.05782121833080733,
        0.058185590550376864,
        0.05521484973895199,
        0.05789125342471678,
        0.05816617511114953,
        0.05532870772100198,
        0.057875248095944354,
        0.058152138865976866
      ],
      "fused_ms": 0.054892556248417754,
      "fused_samples_ms": [
        0.054892556248417754,
        0.053794728061616025,
        0.05618213173172321,
        0.055084225935149826,
        0.05313601261799555,
        0.055649303621360884,
        0.05451533757766943,
        0.053677584199208435,
        0.05615525079850929
      ],
      "num_warps": 1,
      "speedup": 1.054628484830044,
      "tokens": 1024
    },
    {
      "baseline_ms": 0.08175227373581508,
      "baseline_samples_ms": [
        0.08112551490294523,
        0.0826250197393201,
        0.08159602540705739,
        0.08175227373581508,
        0.0853797703322856,
        0.08151521570948463,
        0.08178078962198224,
        0.0853558396484761,
        0.08160897545042013
      ],
      "fused_ms": 0.07859713098305458,
      "fused_samples_ms": [
        0.07852181477117165,
        0.0781578641407575,
        0.08565092877104459,
        0.07859713098305458,
        0.07852164816737071,
        0.08563861308542384,
        0.07860440185183225,
        0.07808569774717791,
        0.08567166117242944
      ],
      "num_warps": 1,
      "speedup": 1.0401432305899403,
      "tokens": 1536
    },
    {
      "baseline_ms": 0.10930362018844943,
      "baseline_samples_ms": [
        0.10919569707123279,
        0.10993177713188407,
        0.10843871101343816,
        0.10930362018844943,
        0.11036364179124998,
        0.10840609953742986,
        0.10930428468201259,
        0.11029540613553154,
        0.10840696483877621
      ],
      "fused_ms": 0.105703099570092,
      "fused_samples_ms": [
        0.10618861011378673,
        0.10358106203445601,
        0.10707350037546473,
        0.10568414884598074,
        0.10375841255171583,
        0.10707821058865084,
        0.105703099570092,
        0.10402007176234933,
        0.10700752795181256
      ],
      "num_warps": 1,
      "speedup": 1.0340625831503636,
      "tokens": 2048
    }
  ],
  "schema_version": 1
}
