{
  "gpu": "NVIDIA L20",
  "reports": [
    {
      "baseline_ms": 0.008828436557772556,
      "baseline_samples_ms": [
        0.00878695323999898,
        0.00880122445041659,
        0.008830367731082757,
        0.008839223616209198,
        0.008828800143603991,
        0.008818224042718412,
        0.008828436557772556
      ],
      "fused_ms": 0.006563154381382412,
      "fused_samples_ms": [
        0.005708931068663144,
        0.006629157544363631,
        0.005861885972564352,
        0.005793663974887865,
        0.00658972297833486,
        0.0065721480555410655,
        0.006563154381382412
      ],
      "num_warps": 4,
      "speedup": 1.3451514385850851,
      "tokens": 1
    },
    {
      "baseline_ms": 0.009280144698435373,
      "baseline_samples_ms": [
        0.009290395320942458,
        0.009268418478970804,
        0.009269076806696174,
        0.009283084459518677,
        0.009290835328548698,
        0.009280144698435373,
        0.009239132646176717
      ],
      "fused_ms": 0.007044135344828389,
      "fused_samples_ms": [
        0.006247354166651642,
        0.0070472608112599235,
        0.00704508937723426,
        0.007044135344828389,
        0.006250963324525587,
        0.0070800061292732985,
        0.006282128247319417
      ],
      "num_warps": 4,
      "speedup": 1.3174285052953447,
      "tokens": 8
    },
    {
      "baseline_ms": 0.010585816488846352,
      "baseline_samples_ms": [
        0.010597233245511165,
        0.010663151182514595,
        0.010585816488846352,
        0.01040228221470395,
        0.010692292338724233,
        0.010552920932279573,
        0.01039255864372161
      ],
      "fused_ms": 0.008117228998530499,
      "fused_samples_ms": [
        0.008223785683387887,
        0.008117228998530499,
        0.0073569398411936745,
        0.007397437671941698,
        0.007359734420084728,
        0.008180459892722917,
        0.008202039308671813
      ],
      "num_warps": 2,
      "speedup": 1.304117019584239,
      "tokens": 32
    },
    {
      "baseline_ms": 0.012147036387377519,
      "baseline_samples_ms": [
        0.012200366877786294,
        0.012100000246512109,
        0.012147036387377519,
        0.012214487431606264,
        0.012113275440563833,
        0.012130261896024072,
        0.012221043054812121
      ],
      "fused_ms": 0.009465227581811217,
      "fused_samples_ms": [
        0.009465084422073966,
        0.009465227581811217,
        0.00955399704599907,
        0.009453080022822767,
        0.009502306950819916,
        0.008869772216059127,
        0.009468906424697658
      ],
      "num_warps": 2,
      "speedup": 1.2833327336703217,
      "tokens": 64
    },
    {
      "baseline_ms": 0.013170323605832075,
      "baseline_samples_ms": [
        0.013064197824102886,
        0.013230251732261987,
        0.013042234304548428,
        0.013182408495693163,
        0.013244267898570378,
        0.012994146293145692,
        0.013170323605832075
      ],
      "fused_ms": 0.00967136798377455,
      "fused_samples_ms": [
        0.00926455352035232,
        0.009221417746002778,
        0.009738433242968794,
        0.00985604821296173,
        0.009888120573898321,
        0.00967136798377455,
        0.009284471957940835
      ],
      "num_warps": 2,
      "speedup": 1.3617849747758175,
      "tokens": 96
    },
    {
      "baseline_ms": 0.015072338217644308,
      "baseline_samples_ms": [
        0.015099387216680983,
        0.014943806798693192,
        0.015051993809016716,
        0.01510195317345288,
        0.014943927352730287,
        0.015072338217644308,
        0.015079746436507498
      ],
      "fused_ms": 0.009966915415178614,
      "fused_samples_ms": [
        0.009906985501915511,
        0.009934838091230384,
        0.010452024060082677,
        0.010550746939661184,
        0.010485605976047148,
        0.009864042135357767,
        0.009966915415178614
      ],
      "num_warps": 1,
      "speedup": 1.5122369950777999,
      "tokens": 128
    },
    {
      "baseline_ms": 0.02057167782118948,
      "baseline_samples_ms": [
        0.0204730450804133,
        0.020740866492513013,
        0.020594503765002343,
        0.0205251445375728,
        0.020724919841723092,
        0.02057167782118948,
        0.020476127349554677
      ],
      "fused_ms": 0.014913344451256888,
      "fused_samples_ms": [
        0.014913344451256888,
        0.015079350611494475,
        0.01550908801199376,
        0.014825296564745384,
        0.014083141086771627,
        0.015435098435635827,
        0.014849570493408097
      ],
      "num_warps": 1,
      "speedup": 1.3794141138781055,
      "tokens": 256
    },
    {
      "baseline_ms": 0.03256931662073602,
      "baseline_samples_ms": [
        0.03267652513900744,
        0.03256931662073602,
        0.03265593772017409,
        0.03244019918306223,
        0.03255785987777621,
        0.03265036012751762,
        0.03246367532126431
      ],
      "fused_ms": 0.02766320945147206,
      "fused_samples_ms": [
        0.027564367640819123,
        0.02980370511369578,
        0.027078394837425412,
        0.02766320945147206,
        0.029753157499966758,
        0.02718217204818983,
        0.028375409954348858
      ],
      "num_warps": 1,
      "speedup": 1.1773513365421484,
      "tokens": 512
    },
    {
      "baseline_ms": 0.057795886084791866,
      "baseline_samples_ms": [
        0.0557307805682792,
        0.05854373837841066,
        0.057795886084791866,
        0.05485594765666653,
        0.058503135553271066,
        0.05781520684910564,
        0.054891209144808405
      ],
      "fused_ms": 0.05298754529350043,
      "fused_samples_ms": [
        0.05298754529350043,
        0.05242896853114969,
        0.052467806125292164,
        0.055096298780802376,
        0.05181357574598918,
        0.05312382660348253,
        0.055095395875545954
      ],
      "num_warps": 1,
      "speedup": 1.0907447356668027,
      "tokens": 1024
    }
  ],
  "schema_version": 1
}
