{
    "avg_latency": 0.873720658273669,
    "latencies": [
        0.8757766790222377,
        0.871782987145707,
        0.87236074404791,
        0.8718748511746526,
        0.871508149895817,
        0.8725211159326136,
        0.8730621850118041,
        0.8808785539586097
    ],
    "percentiles": {
        "10": 0.87170053597074,
        "25": 0.8718518851674162,
        "50": 0.8724409299902618,
        "75": 0.8737408085144125,
        "90": 0.8773072415031493,
        "99": 0.8805214227130637
    }
}