{
    "avg_latency": 0.8660717890306842,
    "latencies": [
        0.8547173629049212,
        0.854667603969574,
        0.8659322110470384,
        0.8698788501787931,
        0.8686913761775941,
        0.8691070179920644,
        0.8735103588551283,
        0.8720695311203599
    ],
    "percentiles": {
        "10": 0.854702435224317,
        "25": 0.8631284990115091,
        "50": 0.8688991970848292,
        "75": 0.8704265204141848,
        "90": 0.8725017794407904,
        "99": 0.8734095009136945
    }
}