{
  "gpu": "NVIDIA L20",
  "reports": [
    {
      "batch": 1,
      "context": 512,
      "correct": true,
      "cuda_ms": 0.13897727966308593,
      "flashinfer_ms": 0.02613248109817505,
      "max_abs_error": 0.0001220703125,
      "speedup": 0.18803419639185928
    },
    {
      "batch": 1,
      "context": 2048,
      "correct": true,
      "cuda_ms": 0.5496217727661132,
      "flashinfer_ms": 0.025190401077270507,
      "max_abs_error": 6.103515625e-05,
      "speedup": 0.04583224742079143
    },
    {
      "batch": 4,
      "context": 512,
      "correct": true,
      "cuda_ms": 0.13897727966308593,
      "flashinfer_ms": 0.024924159049987793,
      "max_abs_error": 0.000244140625,
      "speedup": 0.17933981086987671
    },
    {
      "batch": 4,
      "context": 2048,
      "correct": true,
      "cuda_ms": 0.5495808029174805,
      "flashinfer_ms": 0.02500607967376709,
      "max_abs_error": 0.0001220703125,
      "speedup": 0.04550027865060227
    }
  ],
  "schema_version": 1
}
