{
  "best_correct": {
    "block_q": 1,
    "block_t": 64,
    "correct": true,
    "max_abs_error": 0.00048828125,
    "median_ms": 0.07680000364780426,
    "num_warps": 2,
    "p10_ms": 0.07372800260782242,
    "p90_ms": 0.09011200070381165,
    "path": "scalar_split_kv",
    "samples_ms": [
      0.10035199671983719,
      0.08806400001049042,
      0.08396799862384796,
      0.07884799689054489,
      0.07782399654388428,
      0.07680000364780426,
      0.09011200070381165,
      0.08294399827718735,
      0.07680000364780426,
      0.07884799689054489,
      0.09318400174379349,
      0.08499199897050858,
      0.0798719972372055,
      0.07782399654388428,
      0.07577600330114365,
      0.07884799689054489,
      0.09830400347709656,
      0.08396799862384796,
      0.07782399654388428,
      0.07680000364780426,
      0.07372800260782242,
      0.07475200295448303,
      0.07372800260782242,
      0.07475200295448303,
      0.07475200295448303,
      0.07680000364780426,
      0.0870399996638298,
      0.07680000364780426,
      0.07680000364780426,
      0.07372800260782242,
      0.07577600330114365,
      0.0727040022611618,
      0.07577600330114365,
      0.07372800260782242,
      0.0727040022611618,
      0.07577600330114365,
      0.09216000139713287,
      0.07782399654388428,
      0.07782399654388428,
      0.07372800260782242,
      0.08499199897050858,
      0.07680000364780426,
      0.07475200295448303,
      0.07577600330114365,
      0.07372800260782242,
      0.07372800260782242,
      0.1085439994931221,
      0.08089599758386612,
      0.07577600330114365,
      0.07884799689054489
    ],
    "split_size": 512
  },
  "gpu": "NVIDIA L20",
  "reports": [
    {
      "block_q": 1,
      "block_t": 64,
      "correct": true,
      "max_abs_error": 0.00048828125,
      "median_ms": 0.07680000364780426,
      "num_warps": 2,
      "p10_ms": 0.07372800260782242,
      "p90_ms": 0.09011200070381165,
      "path": "scalar_split_kv",
      "samples_ms": [
        0.10035199671983719,
        0.08806400001049042,
        0.08396799862384796,
        0.07884799689054489,
        0.07782399654388428,
        0.07680000364780426,
        0.09011200070381165,
        0.08294399827718735,
        0.07680000364780426,
        0.07884799689054489,
        0.09318400174379349,
        0.08499199897050858,
        0.0798719972372055,
        0.07782399654388428,
        0.07577600330114365,
        0.07884799689054489,
        0.09830400347709656,
        0.08396799862384796,
        0.07782399654388428,
        0.07680000364780426,
        0.07372800260782242,
        0.07475200295448303,
        0.07372800260782242,
        0.07475200295448303,
        0.07475200295448303,
        0.07680000364780426,
        0.0870399996638298,
        0.07680000364780426,
        0.07680000364780426,
        0.07372800260782242,
        0.07577600330114365,
        0.0727040022611618,
        0.07577600330114365,
        0.07372800260782242,
        0.0727040022611618,
        0.07577600330114365,
        0.09216000139713287,
        0.07782399654388428,
        0.07782399654388428,
        0.07372800260782242,
        0.08499199897050858,
        0.07680000364780426,
        0.07475200295448303,
        0.07577600330114365,
        0.07372800260782242,
        0.07372800260782242,
        0.1085439994931221,
        0.08089599758386612,
        0.07577600330114365,
        0.07884799689054489
      ],
      "split_size": 512
    },
    {
      "block_q": 1,
      "block_t": 64,
      "correct": true,
      "max_abs_error": 0.00048828125,
      "median_ms": 0.07782399654388428,
      "num_warps": 2,
      "p10_ms": 0.07577600330114365,
      "p90_ms": 0.09113600105047226,
      "path": "bf16_partials_candidate",
      "samples_ms": [
        0.2815999984741211,
        0.2979840040206909,
        0.3235839903354645,
        0.2519040107727051,
        0.09113600105047226,
        0.0942080020904541,
        0.0870399996638298,
        0.0798719972372055,
        0.08089599758386612,
        0.07884799689054489,
        0.07680000364780426,
        0.07680000364780426,
        0.07680000364780426,
        0.08191999793052673,
        0.07680000364780426,
        0.08908800035715103,
        0.07782399654388428,
        0.07782399654388428,
        0.07680000364780426,
        0.07782399654388428,
        0.07680000364780426,
        0.07680000364780426,
        0.07577600330114365,
        0.07680000364780426,
        0.0870399996638298,
        0.0870399996638298,
        0.07782399654388428,
        0.08499199897050858,
        0.08601599931716919,
        0.07680000364780426,
        0.07884799689054489,
        0.07680000364780426,
        0.07782399654388428,
        0.07884799689054489,
        0.09113600105047226,
        0.08294399827718735,
        0.07782399654388428,
        0.07475200295448303,
        0.07577600330114365,
        0.07475200295448303,
        0.07475200295448303,
        0.07680000364780426,
        0.08499199897050858,
        0.07680000364780426,
        0.09113600105047226,
        0.08294399827718735,
        0.07884799689054489,
        0.07680000364780426,
        0.07475200295448303,
        0.07475200295448303
      ],
      "split_size": 512
    },
    {
      "block_q": 1,
      "block_t": 64,
      "correct": true,
      "max_abs_error": 0.00048828125,
      "median_ms": 0.07782399654388428,
      "num_warps": 4,
      "p10_ms": 0.07475200295448303,
      "p90_ms": 0.09216000139713287,
      "path": "scalar_split_kv",
      "samples_ms": [
        0.09625600278377533,
        0.0798719972372055,
        0.07884799689054489,
        0.09216000139713287,
        0.08499199897050858,
        0.07884799689054489,
        0.09523200243711472,
        0.08294399827718735,
        0.07782399654388428,
        0.07884799689054489,
        0.07782399654388428,
        0.07782399654388428,
        0.07475200295448303,
        0.0942080020904541,
        0.08089599758386612,
        0.07884799689054489,
        0.09523200243711472,
        0.07680000364780426,
        0.07577600330114365,
        0.07577600330114365,
        0.07577600330114365,
        0.0727040022611618,
        0.07475200295448303,
        0.08502399921417236,
        0.07782399654388428,
        0.07884799689054489,
        0.07577600330114365,
        0.07680000364780426,
        0.07680000364780426,
        0.07372800260782242,
        0.07478400319814682,
        0.07372800260782242,
        0.07372800260782242,
        0.0870399996638298,
        0.07884799689054489,
        0.07680000364780426,
        0.0942080020904541,
        0.07884799689054489,
        0.07577600330114365,
        0.07577600330114365,
        0.07577600330114365,
        0.07475200295448303,
        0.07475200295448303,
        0.08499199897050858,
        0.07884799689054489,
        0.07782399654388428,
        0.07577600330114365,
        0.07475200295448303,
        0.07884799689054489,
        0.07680000364780426
      ],
      "split_size": 512
    },
    {
      "block_q": 1,
      "block_t": 64,
      "correct": true,
      "max_abs_error": 0.00048828125,
      "median_ms": 0.1664000004529953,
      "num_warps": 4,
      "p10_ms": 0.07782399654388428,
      "p90_ms": 0.20070399343967438,
      "path": "bf16_partials_candidate",