{
  "comparisons": [
    {
      "baseline_median_ms": 0.434688001871109,
      "batch": 16,
      "contiguous_median_ms": 0.15564799308776855,
      "contiguous_speedup_vs_baseline": 2.7927632939410416,
      "paged_median_ms": 0.16179199516773224,
      "paged_over_contiguous": 0.9620253024657116,
      "paged_speedup_vs_baseline": 2.6867089525687677,
      "prefix_length": 4096,
      "suffix_length": 64
    },
    {
      "baseline_median_ms": 0.447488009929657,
      "batch": 16,
      "contiguous_median_ms": 0.1582079976797104,
      "contiguous_speedup_vs_baseline": 2.828479068647272,
      "paged_median_ms": 0.16486400365829468,
      "paged_over_contiguous": 0.9596272938246735,
      "paged_speedup_vs_baseline": 2.7142857142857144,
      "prefix_length": 4096,
      "suffix_length": 256
    },
    {
      "baseline_median_ms": 0.7997440099716187,
      "batch": 16,
      "contiguous_median_ms": 0.23296000063419342,
      "contiguous_speedup_vs_baseline": 3.432967066425367,
      "paged_median_ms": 0.24422399699687958,
      "paged_over_contiguous": 0.953878421034809,
      "paged_speedup_vs_baseline": 3.2746332047863294,
      "prefix_length": 8192,
      "suffix_length": 64
    },
    {
      "baseline_median_ms": 0.8156160116195679,
      "batch": 16,
      "contiguous_median_ms": 0.23654399812221527,
      "contiguous_speedup_vs_baseline": 3.4480520245462465,
      "paged_median_ms": 0.24780799448490143,
      "paged_over_contiguous": 0.9545454682117914,
      "paged_speedup_vs_baseline": 3.2913224341891123,
      "prefix_length": 8192,
      "suffix_length": 256
    }
  ],
  "gpu": "NVIDIA L20",
  "reports": [
    {
      "batch": 16,
      "correct": true,
      "max_abs_error": 0.00048828125,
      "median_ms": 0.434688001871109,
      "p10_ms": 0.4280320107936859,
      "p90_ms": 0.43929600715637207,
      "path": "per_request_full_split_kv",
      "prefix_length": 4096,
      "samples_ms": [
        0.4505600035190582,
        0.43212801218032837,
        0.43929600715637207,
        0.4362240135669708,
        0.43724799156188965,
        0.4341759979724884,
        0.43212801218032837,
        0.4280320107936859,
        0.45468801259994507,
        0.4352000057697296,
        0.42905598878860474,
        0.4352000057697296,
        0.4280320107936859,
        0.4352000057697296,
        0.4270080029964447,
        0.4331519901752472,
        0.4341759979724884,
        0.43724799156188965,
        0.43110400438308716,
        0.4362240135669708
      ],
      "suffix_length": 64
    },
    {
      "batch": 16,
      "correct": true,
      "max_abs_error": 0.00048828125,
      "median_ms": 0.15564799308776855,
      "p10_ms": 0.15360000729560852,
      "p90_ms": 0.16076800227165222,
      "path": "shared_prefix_suffix_contiguous",
      "prefix_length": 4096,
      "samples_ms": [
        0.16076800227165222,
        0.15564799308776855,
        0.158720001578331,
        0.15564799308776855,
        0.16076800227165222,
        0.15667200088500977,
        0.159743994474411,
        0.15564799308776855,
        0.15462400019168854,
        0.16486400365829468,
        0.159743994474411,
        0.15462400019168854,
        0.15360000729560852,
        0.15360000729560852,
        0.15360000729560852,
        0.16179199516773224,
        0.15360000729560852,
        0.15564799308776855,
        0.15462400019168854,
        0.1525759994983673
      ],
      "suffix_length": 64
    },
    {
      "batch": 16,
      "correct": true,
      "max_abs_error": 0.00048828125,
      "median_ms": 0.16179199516773224,
      "p10_ms": 0.16076800227165222,
      "p90_ms": 0.16793599724769592,
      "path": "shared_prefix_suffix_paged",
      "prefix_length": 4096,
      "samples_ms": [
        0.16793599724769592,
        0.16179199516773224,
        0.16383999586105347,
        0.1669120043516159,
        0.16179199516773224,
        0.1669120043516159,
        0.16179199516773224,
        0.16179199516773224,
        0.17510400712490082,
        0.16179199516773224,
        0.16076800227165222,
        0.16076800227165222,
        0.16179199516773224,
        0.16179199516773224,
        0.1669120043516159,
        0.16076800227165222,
        0.159743994474411,
        0.16281600296497345,
        0.16076800227165222,
        0.16896000504493713
      ],
      "suffix_length": 64
    },
    {
      "batch": 16,
      "correct": true,
      "max_abs_error": 0.00048828125,
      "median_ms": 0.447488009929657,
      "p10_ms": 0.4413439929485321,
      "p90_ms": 0.45158401131629944,
      "path": "per_request_full_split_kv",
      "prefix_length": 4096,
      "samples_ms": [
        0.45772799849510193,
        0.4505600035190582,
        0.44646400213241577,
        0.45158401131629944,
        0.447488009929657,
        0.447488009929657,
        0.44646400213241577,
        0.449535995721817,
        0.4413439929485321,
        0.44646400213241577,
        0.4433920085430145,
        0.4536319971084595,
        0.4505600035190582,
        0.4413439929485321,
        0.447488009929657,
        0.4403199851512909,
        0.4485119879245758,
        0.4413439929485321,
        0.447488009929657,
        0.449535995721817
      ],
      "suffix_length": 256
    },
    {
      "batch": 16,
      "correct": true,
      "max_abs_error": 0.00048828125,
      "median_ms": 0.1582079976797104,
      "p10_ms": 0.15564799308776855,
      "p90_ms": 0.16896000504493713,
      "path": "shared_prefix_suffix_contiguous",
      "prefix_length": 4096,
      "samples_ms": [
        0.16896000504493713,
        0.16076800227165222,
        0.159743994474411,
        0.17510400712490082,
        0.15769599378108978,
        0.15769599378108978,
        0.15769599378108978,
        0.15564799308776855,
        0.15667200088500977,
        0.16179199516773224,
        0.15769599378108978,
        0.15564799308776855,
        0.15564799308776855,
        0.15769599378108978,
        0.1730560064315796,
        0.158720001578331,
        0.16486400365829468,
        0.158720001578331,
        0.15667200088500977,
        0.16179199516773224
      ],
      "suffix_length": 256
    },
    {
      "batch": 16,
      "correct": true,
      "max_abs_error": 0.00048828125,
      "median_ms": 0.16486400365829468,
      "p10_ms": 0.16281600296497345,
      "p90_ms": 0.17203199863433838,
      "path": "shared_prefix_suffix_paged",
      "prefix_length": 4096,
      "samples_ms": [
        0.17203199863433838,
        0.1658879965543747,
        0.16486400365829468,
        0.17203199863433838,
        0.1658879965543747,
        0.17100800573825836,
        0.16486400365829468,
        0.16383999586105347,
        0.1740799993276596,
        0.16896000504493713,
        0.16281600296497345,
        0.16281600296497345,
        0.16281600296497345,
        0.16281600296497345,
        0.16998399794101715,
        0.16486400365829468,
        0.16383999586105347,
        0.16281600296497345,
        0.16383999586105347,
        0.1740799993276596
      ],
      "suffix_length": 256
    },
    {
      "batch": 16,
      "correct": true,
      "max_abs_error": 0.00048828125,
      "median_ms": 0.7997440099716187,
      "p10_ms": 0.796671986579895,
      "p90_ms": 0.8038399815559387,
      "path": "per_request_full_split_kv",
      "prefix_length": 8192,
      "samples_ms": [
        0.8079360127449036,
        0.8017920255661011,
        0.7987200021743774,
        0.7936000227928162,
        0.7997440099716187,
        0.7997440099716187,
        0.7976959943771362,
        0.8007680177688599,
        0.7987200021743774,
        0.7946239709854126,
        0.8028159737586975,
        0.8017920255661011,
        0.7997440099716187,
        0.7987200021743774,
        0.796671986579895,
        0.7987200021743774,
        0.7997440099716187,
        0.8038399815559387,
        0.8048639893531799,
        0.8017920255661011
      ],