{
  "correctness": {
    "max_abs_logprob_error": 0.0,
    "tokens_match": true
  },
  "hardware": "NVIDIA A100-SXM4-80GB",
  "launch": {
    "block_vocab": 2048,
    "blocks_per_row": 75,
    "num_stages": 1,
    "num_warps": 8,
    "strategy": "two_stage_top_logprobs"
  },
  "rounds": 20,
  "schema_version": 1,
  "shape": {
    "batch": 1,
    "dtype": "float16",
    "temperature": 0.8,
    "top_n": 5,
    "vocab": 151936
  },
  "speedups": {
    "vs_torch_logsoftmax_then_topk": 8.550833453669588,
    "vs_torch_logsumexp_then_topk": 8.03500026654258
  },
  "torch_logsoftmax_then_topk": {
    "median_ms": 0.16417600214481354,
    "p10_ms": 0.16176000237464905,
    "p90_ms": 0.16492800414562225,
    "samples_ms": [
      0.16432000696659088,
      0.16422399878501892,
      0.16409599781036377,
      0.16451199352741241,
      0.1650560051202774,
      0.16361600160598755,
      0.16435199975967407,
      0.16492800414562225,
      0.16473600268363953,
      0.16422399878501892,
      0.16412800550460815,
      0.1642560064792633,
      0.16512000560760498,
      0.16176000237464905,
      0.16185599565505981,
      0.16329599916934967,
      0.16236799955368042,
      0.1616320013999939,
      0.16121600568294525,
      0.16335999965667725
    ]
  },
  "torch_logsumexp_then_topk": {
    "median_ms": 0.15427200496196747,
    "p10_ms": 0.15267199277877808,
    "p90_ms": 0.15507200360298157,
    "samples_ms": [
      0.15427200496196747,
      0.15427200496196747,
      0.15427200496196747,
      0.15507200360298157,
      0.15727999806404114,
      0.15532800555229187,
      0.15388800203800201,
      0.15401600301265717,
      0.15452800691127777,
      0.15296000242233276,
      0.15462400019168854,
      0.1542080044746399,
      0.15427200496196747,
      0.15430399775505066,
      0.1546880006790161,
      0.15411199629306793,
      0.15455999970436096,
      0.1520320028066635,
      0.15219199657440186,
      0.15267199277877808
    ]
  },
  "torch_logsumexp_then_topk_wall": {
    "median_ms": 2.6717915025074035,
    "p10_ms": 2.661441976670176,
    "p90_ms": 3.6957619595341384,
    "samples_ms": [
      3.7213420146144927,
      3.6609320086427033,
      2.6667219935916364,
      2.672831993550062,
      3.8212710060179234,
      3.634741995483637,
      2.670751011464745,
      2.6695519918575883,
      2.661431033629924,
      2.6630409993231297,
      2.6576410164125264,
      2.661441976670176,
      2.6739210006780922,
      3.666152013465762,
      3.6957619595341384,
      2.6763920322991908,
      2.667850989382714,
      2.666641026735306,
      2.672831993550062,
      2.662701008375734
    ]
  },
  "triton_top_logprobs_preallocated": {
    "median_ms": 0.01919999998062849,
    "p10_ms": 0.018400000408291817,
    "p90_ms": 0.01990400068461895,
    "samples_ms": [
      0.020287999883294106,
      0.018624000251293182,
      0.01990400068461895,
      0.018400000408291817,
      0.019487999379634857,
      0.01865600049495697,
      0.0197759997099638,
      0.01849599927663803,
      0.019711999222636223,
      0.01849599927663803,
      0.020447999238967896,
      0.01836800016462803,
      0.019551999866962433,
      0.018912000581622124,
      0.019711999222636223,
      0.018400000408291817,
      0.01958400011062622,
      0.018239999189972878,
      0.019872000440955162,
      0.018432000651955605
    ]
  },
  "warmup": 10
}
