{
  "correctness": {
    "max_abs_logprob_error": 4.76837158203125e-07,
    "tokens_match": true
  },
  "hardware": "NVIDIA A100-SXM4-80GB",
  "launch": {
    "block_vocab": 2048,
    "blocks_per_row": 75,
    "num_stages": 1,
    "num_warps": 8,
    "strategy": "two_stage_top_logprobs"
  },
  "rounds": 20,
  "schema_version": 1,
  "shape": {
    "batch": 4,
    "dtype": "float16",
    "temperature": 0.8,
    "top_n": 5,
    "vocab": 151936
  },
  "speedups": {
    "vs_torch_logsoftmax_then_topk": 9.174010692560309,
    "vs_torch_logsumexp_then_topk": 9.034354039509482
  },
  "torch_logsoftmax_then_topk": {
    "median_ms": 0.19654400646686554,
    "p10_ms": 0.19526399672031403,
    "p90_ms": 0.19728000462055206,
    "samples_ms": [
      0.19728000462055206,
      0.19648000597953796,
      0.19622400403022766,
      0.19760000705718994,
      0.19811199605464935,
      0.19593599438667297,
      0.19494399428367615,
      0.19708800315856934,
      0.1966399997472763,
      0.19596800208091736,
      0.19644799828529358,
      0.19673599302768707,
      0.19670400023460388,
      0.19590400159358978,
      0.19551999866962433,
      0.1966720074415207,
      0.19660800695419312,
      0.19417600333690643,
      0.19526399672031403,
      0.1966399997472763
    ]
  },
  "torch_logsumexp_then_topk": {
    "median_ms": 0.19355200231075287,
    "p10_ms": 0.19276799261569977,
    "p90_ms": 0.19459199905395508,
    "samples_ms": [
      0.19459199905395508,
      0.19260799884796143,
      0.19276799261569977,
      0.19404800236225128,
      0.19388799369335175,
      0.19382399320602417,
      0.19327999651432037,
      0.1945279985666275,
      0.19324800372123718,
      0.1934719979763031,
      0.1934719979763031,
      0.1939840018749237,
      0.19324800372123718,
      0.19472000002861023,
      0.19353599846363068,
      0.19286400079727173,
      0.19523200392723083,
      0.19366399943828583,
      0.19356800615787506,
      0.19228799641132355
    ]
  },
  "torch_logsumexp_then_topk_wall": {
    "median_ms": 2.7102264866698533,
    "p10_ms": 2.7004320290870965,
    "p90_ms": 3.87209199834615,
    "samples_ms": [
      2.7059210115112364,
      2.6994409854523838,
      2.7018009568564594,
      2.708381973206997,
      2.7120710001327097,
      2.7082510059699416,
      2.7035719831474125,
      2.708172018174082,
      3.6674420116469264,
      3.7080510519444942,
      3.9451319607906044,
      2.702621975913644,
      3.712370991706848,
      2.7004320290870965,
      3.7507719825953245,
      2.791042032185942,
      3.87209199834615,
      2.602301014121622,
      3.1716510420665145,
      4.147152008954436
    ]
  },
  "triton_top_logprobs_preallocated": {
    "median_ms": 0.021424000151455402,
    "p10_ms": 0.020576000213623047,
    "p90_ms": 0.022048000246286392,
    "samples_ms": [
      0.022175999358296394,
      0.02054399996995926,
      0.02223999984562397,
      0.020576000213623047,
      0.02175999991595745,
      0.021056000143289566,
      0.02175999991595745,
      0.0208320003002882,
      0.02191999927163124,
      0.020896000787615776,
      0.021727999672293663,
      0.020576000213623047,
      0.02175999991595745,
      0.0208320003002882,
      0.022048000246286392,
      0.020576000213623047,
      0.022016000002622604,
      0.02112000063061714,
      0.021727999672293663,
      0.020608000457286835
    ]
  },
  "warmup": 10
}
