{
  "bytes": {
    "hidden_bytes": 12288,
    "materialized_logits_bytes": 1215488,
    "weight_bytes": 466747392
  },
  "candidate_policy": {
    "block_hidden": 128,
    "block_vocab": 64,
    "blocks_per_row": 2374,
    "num_stages": 3,
    "num_warps": 8,
    "reduce_block": 4096,
    "strategy": "two_stage_lm_head_flash_sampling_epilogue_plan"
  },
  "cuda_available": true,
  "gate": {
    "eligible": true,
    "policy": {
      "block_hidden": 128,
      "block_vocab": 64,
      "blocks_per_row": 2374,
      "num_stages": 3,
      "num_warps": 8,
      "reduce_block": 4096,
      "strategy": "two_stage_lm_head_flash_sampling_epilogue_plan"
    },
    "reasons": []
  },
  "hardware": "NVIDIA L20",
  "paths": {
    "full_logits_reference": {
      "median_ms": 0.6850559711456299,
      "p10_ms": 0.6809599995613098,
      "p90_ms": 0.6881279945373535,
      "samples_ms": [
        0.6963199973106384,
        0.6830080151557922,
        0.6871039867401123,
        0.6881279945373535,
        0.681984007358551,
        0.6850559711456299,
        0.6860799789428711,
        0.6850559711456299,
        0.6809599995613098,
        0.6871039867401123,
        0.6840320229530334,
        0.6799039840698242
      ]
    },
    "l20_lm_head_sampling_candidate": {
      "launch": {
        "block_batch": 4,
        "block_hidden": 128,
        "block_vocab": 64,
        "blocks_per_row": 2374,
        "num_stages": 3,
        "num_warps": 8,
        "reduce_block": 4096,
        "strategy": "two_stage_lm_head_gumbel_max"
      },
      "median_ms": 0.681984007358551,
      "p10_ms": 0.6789119839668274,
      "p90_ms": 0.6881279945373535,
      "samples_ms": [
        0.6901760101318359,
        0.6830080151557922,
        0.6881279945373535,
        0.6830080151557922,
        0.6840320229530334,
        0.6809599995613098,
        0.6789119839668274,
        0.6809599995613098,
        0.6871039867401123,
        0.6778879761695862,
        0.6809599995613098,
        0.6799359917640686
      ],
      "status": "measured"
    }
  },
  "ratios": {
    "candidate_over_full_logits_reference": 0.9955157477396459,
    "full_logits_reference_over_candidate": 1.0045044513565313
  },
  "schema_version": 1,
  "shape": {
    "batch": 4,
    "dtype": "float16",
    "hidden": 1536,
    "sampling_mode": "greedy",
    "temperature": 1.0,
    "top_k": -1,
    "top_p": 1.0,
    "vocab": 151936
  }
}
