{
  "bytes": {
    "hidden_bytes": 16384,
    "materialized_logits_bytes": 1215488,
    "weight_bytes": 622329856
  },
  "candidate_policy": {
    "block_hidden": 128,
    "block_vocab": 64,
    "blocks_per_row": 2374,
    "num_stages": 3,
    "num_warps": 8,
    "reduce_block": 4096,
    "strategy": "two_stage_lm_head_flash_sampling_epilogue_plan"
  },
  "cuda_available": true,
  "gate": {
    "eligible": true,
    "policy": {
      "block_hidden": 128,
      "block_vocab": 64,
      "blocks_per_row": 2374,
      "num_stages": 3,
      "num_warps": 8,
      "reduce_block": 4096,
      "strategy": "two_stage_lm_head_flash_sampling_epilogue_plan"
    },
    "reasons": []
  },
  "hardware": "NVIDIA L20",
  "paths": {
    "full_logits_reference": {
      "median_ms": 0.9349120259284973,
      "p10_ms": 0.9338880181312561,
      "p90_ms": 0.9379839897155762,
      "samples_ms": [
        0.9451519846916199,
        0.9379839897155762,
        0.9338880181312561,
        0.9349120259284973,
        0.9379839897155762,
        0.936959981918335,
        0.9349120259284973,
        0.9349120259284973,
        0.936959981918335,
        0.9349120259284973,
        0.9349120259284973,
        0.9338880181312561
      ]
    },
    "l20_lm_head_sampling_candidate": {
      "launch": {
        "block_batch": 4,
        "block_hidden": 128,
        "block_vocab": 64,
        "blocks_per_row": 2374,
        "num_stages": 3,
        "num_warps": 8,
        "reduce_block": 4096,
        "strategy": "two_stage_lm_head_gumbel_max"
      },
      "median_ms": 0.8929280042648315,
      "p10_ms": 0.8908799886703491,
      "p90_ms": 0.8970239758491516,
      "samples_ms": [
        0.9031680226325989,
        0.8939520120620728,
        0.8929280042648315,
        0.8939520120620728,
        0.8970239758491516,
        0.8929280042648315,
        0.8939520120620728,
        0.8908799886703491,
        0.8908799886703491,
        0.8908799886703491,
        0.8908799886703491,
        0.8908799886703491
      ],
      "status": "measured"
    }
  },
  "ratios": {
    "candidate_over_full_logits_reference": 0.9550930777449677,
    "full_logits_reference_over_candidate": 1.0470183726606628
  },
  "schema_version": 1,
  "shape": {
    "batch": 4,
    "dtype": "float16",
    "hidden": 2048,
    "sampling_mode": "gumbel",
    "temperature": 1.0,
    "top_k": -1,
    "top_p": 1.0,
    "vocab": 151936
  }
}
