{
  "gpu": "NVIDIA L20",
  "operator": "hybrid_tree_attention",
  "reports": [
    {
      "batch": 1,
      "block_t": 64,
      "cached_length": 512,
      "correct": true,
      "draft_length": 8,
      "l20_split_tree_ms": 0.07461119890213012,
      "l20_tree_ms": 0.03133440017700195,
      "matches_repeated_decode": true,
      "max_abs_error": 6.103515625e-05,
      "repeated_decode_ms": 0.29552640914916994,
      "speedup_vs_repeated_decode": 9.431372787728456,
      "speedup_vs_torch_dense": 7.302287218662974,
      "split_correct": true,
      "split_max_abs_error": 6.103515625e-05,
      "split_speedup_vs_torch_dense": 3.0667351990568226,
      "split_vs_monolithic": 0.419969128469632,
      "torch_dense_ms": 0.2288127899169922,
      "tree": "chain"
    },
    {
      "batch": 1,
      "block_t": 64,
      "cached_length": 512,
      "correct": true,
      "draft_length": 8,
      "l20_split_tree_ms": 0.07398399710655212,
      "l20_tree_ms": 0.030643200874328612,
      "max_abs_error": 6.103515625e-05,
      "speedup_vs_torch_dense": 7.283207639801474,
      "split_correct": true,
      "split_max_abs_error": 6.103515625e-05,
      "split_speedup_vs_torch_dense": 3.0166090430942147,
      "split_vs_monolithic": 0.4141868792273567,
      "torch_dense_ms": 0.22318079471588134,
      "tree": "fork2"
    },
    {
      "batch": 1,
      "block_t": 64,
      "cached_length": 512,
      "correct": true,
      "draft_length": 16,
      "l20_split_tree_ms": 0.07344639897346497,
      "l20_tree_ms": 0.033215999603271484,
      "matches_repeated_decode": true,
      "max_abs_error": 0.0001220703125,
      "repeated_decode_ms": 0.5830912113189697,
      "speedup_vs_repeated_decode": 17.55452848878106,
      "speedup_vs_torch_dense": 6.8423893538523375,
      "split_correct": true,
      "split_max_abs_error": 6.103515625e-05,
      "split_speedup_vs_torch_dense": 3.0944580706414184,
      "split_vs_monolithic": 0.4522481710134203,
      "torch_dense_ms": 0.22727680206298828,
      "tree": "chain"
    },
    {
      "batch": 1,
      "block_t": 64,
      "cached_length": 512,
      "correct": true,
      "draft_length": 16,
      "l20_split_tree_ms": 0.07256320118904114,
      "l20_tree_ms": 0.03320319950580597,
      "max_abs_error": 0.0001220703125,
      "speedup_vs_torch_dense": 6.786430658608249,
      "split_correct": true,
      "split_max_abs_error": 6.103515625e-05,
      "split_speedup_vs_torch_dense": 3.105309680357908,
      "split_vs_monolithic": 0.45757627780650456,
      "torch_dense_ms": 0.22533121109008789,
      "tree": "fork2"
    },
    {
      "batch": 1,
      "block_t": 64,
      "cached_length": 2048,
      "correct": true,
      "draft_length": 8,
      "l20_split_tree_ms": 0.0908415973186493,
      "l20_tree_ms": 0.08851199746131896,
      "matches_repeated_decode": true,
      "max_abs_error": 6.103515625e-05,
      "repeated_decode_ms": 1.2193023681640625,
      "speedup_vs_repeated_decode": 13.775560411422365,
      "speedup_vs_torch_dense": 2.562545383458108,
      "split_correct": true,
      "split_max_abs_error": 6.103515625e-05,
      "split_speedup_vs_torch_dense": 2.496829835340143,
      "split_vs_monolithic": 0.9743553622339038,
      "torch_dense_ms": 0.2268160104751587,
      "tree": "chain"
    },
    {
      "batch": 1,
      "block_t": 64,
      "cached_length": 2048,
      "correct": true,
      "draft_length": 8,
      "l20_split_tree_ms": 0.09088000059127807,
      "l20_tree_ms": 0.08853759765625,
      "max_abs_error": 1.52587890625e-05,
      "speedup_vs_torch_dense": 2.5872489185509444,
      "split_correct": true,
      "split_max_abs_error": 1.52587890625e-05,
      "split_speedup_vs_torch_dense": 2.520563405555431,
      "split_vs_monolithic": 0.9742253199847263,
      "torch_dense_ms": 0.22906880378723143,
      "tree": "fork2"
    },
    {
      "batch": 1,
      "block_t": 64,
      "cached_length": 2048,
      "correct": true,
      "draft_length": 16,
      "l20_split_tree_ms": 0.11018240451812744,
      "l20_tree_ms": 0.11316479444503784,
      "matches_repeated_decode": true,
      "max_abs_error": 3.0517578125e-05,
      "repeated_decode_ms": 2.424652862548828,
      "speedup_vs_repeated_decode": 21.42585840799136,
      "speedup_vs_torch_dense": 1.9812239629173267,
      "split_correct": true,
      "split_max_abs_error": 3.0517578125e-05,
      "split_speedup_vs_torch_dense": 2.034851240483102,
      "split_vs_monolithic": 1.027067751334286,
      "torch_dense_ms": 0.22420480251312255,
      "tree": "chain"
    },
    {
      "batch": 1,
      "block_t": 64,
      "cached_length": 2048,
      "correct": true,
      "draft_length": 16,
      "l20_split_tree_ms": 0.10964479446411132,
      "l20_tree_ms": 0.11288319826126099,
      "max_abs_error": 6.103515625e-05,
      "speedup_vs_torch_dense": 1.9907019811013007,
      "split_correct": true,
      "split_max_abs_error": 6.103515625e-05,
      "split_speedup_vs_torch_dense": 2.0494981773648813,
      "split_vs_monolithic": 1.0295354085251138,
      "torch_dense_ms": 0.22471680641174316,
      "tree": "fork2"
    },
    {
      "batch": 1,
      "block_t": 128,
      "cached_length": 4096,
      "correct": true,
      "draft_length": 8,
      "l20_split_tree_ms": 0.11628799438476563,
      "l20_tree_ms": 0.15724799633026124,
      "matches_repeated_decode": true,
      "max_abs_error": 7.62939453125e-06,
      "repeated_decode_ms": 2.4073984146118166,
      "speedup_vs_repeated_decode": 15.309564959770048,
      "speedup_vs_torch_dense": 1.4684574644463713,
      "split_correct": true,
      "split_max_abs_error": 1.52587890625e-05,
      "split_speedup_vs_torch_dense": 1.985690743073461,
      "split_vs_monolithic": 1.3522289825548972,
      "torch_dense_ms": 0.2309119939804077,
      "tree": "chain"
    },
    {
      "batch": 1,
      "block_t": 128,
      "cached_length": 4096,
      "correct": true,
      "draft_length": 8,
      "l20_split_tree_ms": 0.11632640361785888,
      "l20_tree_ms": 0.1572224020957947,
      "max_abs_error": 1.52587890625e-05,
      "speedup_vs_torch_dense": 1.454042078674351,
      "split_correct": true,
      "split_max_abs_error": 1.52587890625e-05,
      "split_speedup_vs_torch_dense": 1.9652287120346181,
      "split_vs_monolithic": 1.351562475981655,
      "torch_dense_ms": 0.22860798835754395,
      "tree": "fork2"
    },
    {
      "batch": 1,
      "block_t": 128,
      "cached_length": 4096,
      "correct": true,
      "draft_length": 16,
      "l20_split_tree_ms": 0.1532415986061096,
      "l20_tree_ms": 0.18805760145187378,
      "matches_repeated_decode": true,
      "max_abs_error": 3.0517578125e-05,
      "repeated_decode_ms": 4.800947189331055,
      "speedup_vs_repeated_decode": 25.529131246309525,
      "speedup_vs_torch_dense": 1.3792539847604643,
      "split_correct": true,
      "split_max_abs_error": 3.0517578125e-05,
      "split_speedup_vs_torch_dense": 1.6926160946264819,
      "split_vs_monolithic": 1.2271968131529012,
      "torch_dense_ms": 0.2593791961669922,
      "tree": "chain"
    },
    {
      "batch": 1,
      "block_t": 128,
      "cached_length": 4096,
      "correct": true,
      "draft_length": 16,
      "l20_split_tree_ms": 0.1528831958770752,
      "l20_tree_ms": 0.18786560297012328,
      "max_abs_error": 1.52587890625e-05,
      "speedup_vs_torch_dense": 1.373032662789974,
      "split_correct": true,
      "split_max_abs_error": 1.52587890625e-05,
      "split_speedup_vs_torch_dense": 1.687207070815762,
      "split_vs_monolithic": 1.228817869042818,
      "torch_dense_ms": 0.2579456090927124,
      "tree": "fork2"
    }
  ],
  "schema_version": 1
}
