{
  "chunks": {
    "max": 64,
    "mean": 63.5,
    "median": 64.0,
    "min": 62
  },
  "itl_ms": {
    "max": 6.8153915645164105,
    "mean": 6.133350799814039,
    "median": 6.732725047243996,
    "min": 4.195505427935767
  },
  "max_tokens": 64,
  "model": "Qwen/Qwen2.5-0.5B-Instruct",
  "ok_runs": 10,
  "runs": 10,
  "sampling_overrides": {
    "frequency_penalty": 0.0,
    "presence_penalty": 0.0,
    "repetition_penalty": 1.0
  },
  "total_ms": {
    "max": 438.7474379618652,
    "mean": 395.3210139996372,
    "median": 434.5042550121434,
    "min": 274.2329990142025
  },
  "ttft_ms": {
    "max": 16.558681963942945,
    "mean": 11.688140395563096,
    "median": 11.68649349710904,
    "min": 9.090186969842762
  },
  "warmup": 2
}
