{
  "cpu_reference": {
    "median_ms": 502.0672779646702,
    "p10_ms": 499.9747279798612,
    "p90_ms": 503.1029399833642,
    "samples_ms": [
      503.1029399833642,
      502.0672779646702,
      499.9747279798612
    ]
  },
  "dense_apply_penalty_then_topk_topp": {
    "median_ms": 0.2364799976348877,
    "p10_ms": 0.23244799673557281,
    "p90_ms": 0.23731200397014618,
    "samples_ms": [
      0.23731200397014618,
      0.23212799429893494,
      0.23865599930286407,
      0.23654399812221527,
      0.23414400219917297,
      0.23244799673557281,
      0.23689599335193634,
      0.23657600581645966,
      0.23641599714756012,
      0.23635199666023254
    ]
  },
  "dense_count_penalty_topk_topp": {
    "median_ms": 0.1661119982600212,
    "p10_ms": 0.1648000031709671,
    "p90_ms": 0.16707199811935425,
    "samples_ms": [
      0.1648000031709671,
      0.1669439971446991,
      0.1650560051202774,
      0.16707199811935425,
      0.16575999557971954,
      0.16652800142765045,
      0.16444799304008484,
      0.1674879938364029,
      0.16524800658226013,
      0.16646400094032288
    ]
  },
  "hardware": "NVIDIA A100-SXM4-80GB",
  "launch": {
    "block_vocab": 2048,
    "blocks_per_row": 75,
    "num_stages": 1,
    "num_warps": 8,
    "strategy": "two_stage_topk_topp_from_uniform"
  },
  "penalties": {
    "frequency_penalty": 0.1,
    "presence_penalty": 0.1,
    "repetition_penalty": 1.05
  },
  "rounds": 10,
  "schema_version": 1,
  "shape": {
    "batch": 4,
    "dtype": "float16",
    "history_tokens": 128,
    "max_history": 128,
    "temperature": 0.8,
    "top_k": 50,
    "top_p": 0.9,
    "vocab": 151936
  },
  "sparse_history_penalty_topk_topp": {
    "median_ms": 0.179967999458313,
    "p10_ms": 0.176256000995636,
    "p90_ms": 0.18089599907398224,
    "samples_ms": [
      0.181536003947258,
      0.17929600179195404,
      0.1796800047159195,
      0.18051199615001678,
      0.18089599907398224,
      0.18025599420070648,
      0.17580799758434296,
      0.18083199858665466,
      0.176256000995636,
      0.17936000227928162
    ]
  },
  "speedups": {
    "vs_apply_then_sample": 1.3140113706140568,
    "vs_dense_count_fused": 0.9230085279605427
  },
  "stage": "sparse_history_penalty_sampling_microbenchmark",
  "warmup": 5
}