{
  "cpu_reference": {
    "median_ms": 297.99564299173653,
    "p10_ms": 293.82323002209887,
    "p90_ms": 399.4402649695985,
    "samples_ms": [
      297.99564299173653,
      399.4402649695985,
      293.82323002209887
    ]
  },
  "dense_apply_penalty_then_topk_topp": {
    "median_ms": 0.19441600143909454,
    "p10_ms": 0.19299200177192688,
    "p90_ms": 0.1955839991569519,
    "samples_ms": [
      0.19564799964427948,
      0.1955839991569519,
      0.19446399807929993,
      0.1939840018749237,
      0.1923840045928955,
      0.19337600469589233,
      0.19299200177192688,
      0.19436800479888916,
      0.1945600062608719,
      0.19500799477100372
    ]
  },
  "dense_count_penalty_topk_topp": {
    "median_ms": 0.14420799911022186,
    "p10_ms": 0.14150400459766388,
    "p90_ms": 0.14585599303245544,
    "samples_ms": [
      0.14496000111103058,
      0.14377599954605103,
      0.14585599303245544,
      0.14448000490665436,
      0.14668799936771393,
      0.14441600441932678,
      0.14291200041770935,
      0.14150400459766388,
      0.14399999380111694,
      0.14124800264835358
    ]
  },
  "hardware": "NVIDIA A100-SXM4-80GB",
  "launch": {
    "block_vocab": 2048,
    "blocks_per_row": 75,
    "num_stages": 1,
    "num_warps": 8,
    "strategy": "two_stage_topk_topp_from_uniform"
  },
  "penalties": {
    "frequency_penalty": 0.1,
    "presence_penalty": 0.1,
    "repetition_penalty": 1.05
  },
  "rounds": 10,
  "schema_version": 1,
  "shape": {
    "batch": 1,
    "dtype": "float16",
    "history_tokens": 128,
    "max_history": 128,
    "temperature": 0.8,
    "top_k": 50,
    "top_p": 0.9,
    "vocab": 151936
  },
  "sparse_history_penalty_topk_topp": {
    "median_ms": 0.1531199961900711,
    "p10_ms": 0.15164799988269806,
    "p90_ms": 0.15433600544929504,
    "samples_ms": [
      0.15513600409030914,
      0.1536960005760193,
      0.15433600544929504,
      0.15158399939537048,
      0.1528320014476776,
      0.15164799988269806,
      0.15305599570274353,
      0.15318399667739868,
      0.1533759981393814,
      0.15216000378131866
    ]
  },
  "speedups": {
    "vs_apply_then_sample": 1.2696970106880217,
    "vs_dense_count_fused": 0.9417973007993901
  },
  "stage": "sparse_history_penalty_sampling_microbenchmark",
  "warmup": 5
}