{
  "chunks": {
    "max": 64,
    "mean": 63.4,
    "median": 64.0,
    "min": 62
  },
  "itl_ms": {
    "max": 6.952660622983621,
    "mean": 6.259752893834222,
    "median": 6.727468063463531,
    "min": 4.318281999583066
  },
  "max_tokens": 64,
  "model": "Qwen/Qwen2.5-0.5B-Instruct",
  "ok_runs": 10,
  "runs": 10,
  "sampling_overrides": {
    "frequency_penalty": 0.0,
    "presence_penalty": 0.0,
    "repetition_penalty": 1.0
  },
  "total_ms": {
    "max": 439.39919903641567,
    "mean": 402.993271505693,
    "median": 435.4637605138123,
    "min": 272.29845797410235
  },
  "ttft_ms": {
    "max": 18.280183023307472,
    "mean": 12.150901404675096,
    "median": 12.42471850127913,
    "min": 8.844316005706787
  },
  "warmup": 2
}
