{
  "cases": {
    "hook_off": {
      "post2_mean_seconds": 1.1005465388298035,
      "post2_median_seconds": 1.1008942127227783,
      "request_seconds": [
        1.4530057907104492,
        1.0765933990478516,
        1.118215560913086,
        1.1133379936218262,
        1.0821821689605713,
        1.0884504318237305
      ]
    },
    "hook_on": {
      "post2_mean_seconds": 1.0964030623435974,
      "post2_median_seconds": 1.0981818437576294,
      "request_seconds": [
        1.509880781173706,
        1.1048252582550049,
        1.0981059074401855,
        1.1001732349395752,
        1.0982577800750732,
        1.0890753269195557
      ]
    }
  },
  "hook_on_vs_off_post2_median_delta_pct": -0.24637871048850402,
  "prompt": "long_context",
  "schema_version": 1,
  "trace": "disabled"
}
