{
  "cpu_roundtrip_argmax": {
    "median_ms": 1.1121159768663347,
    "p10_ms": 1.0766249615699053,
    "p90_ms": 1.1836329940706491,
    "samples_ms": [
      1.1630560038611293,
      1.1511680204421282,
      1.1395099572837353,
      1.1137520195916295,
      1.1021150276064873,
      1.1886029969900846,
      1.163457054644823,
      1.0766249615699053,
      1.1530930642038584,
      1.0875610169023275,
      1.1296949815005064,
      1.074469997547567,
      1.1114110238850117,
      1.0780750308185816,
      1.1836329940706491,
      1.096450025215745,
      1.087188022211194,
      1.134370919317007,
      1.087890937924385,
      1.1481429683044553,
      1.0905939852818847,
      1.102534937672317,
      1.1187309864908457,
      1.0960710933431983,
      1.1892890324816108,
      1.1410120641812682,
      1.0800249874591827,
      1.1390569852665067,
      1.0885059600695968,
      1.0779739823192358,
      1.1313030263409019,
      1.1587729677557945,
      1.145258080214262,
      1.1292629642412066,
      1.1112380307167768,
      1.0741640580818057,
      1.1017390061169863,
      1.0782249737530947,
      1.1364119127392769,
      1.1655970010906458,
      1.1480699758976698,
      1.1373109882697463,
      1.0946070542559028,
      1.0806169593706727,
      1.0872349375858903,
      1.1290650581941009,
      1.1068210005760193,
      1.0701259598135948,
      1.1858840007334948,
      1.0843760101124644,
      1.0702639119699597,
      1.118787913583219,
      1.0714760283008218,
      1.074036001227796,
      1.0777889983728528,
      1.1799370404332876,
      1.1858680518344045,
      1.1908920714631677,
      1.0860130423679948,
      1.1128209298476577,
      1.0965620167553425,
      1.1853619944304228,
      1.088824006728828,
      1.1562230065464973,
      1.1406949488446116,
      1.133439945988357,
      1.1024109553545713,
      1.0959990322589874,
      1.1893099872395396,
      1.1856539640575647,
      1.0819119634106755,
      1.074886997230351,
      1.1577500263229012,
      1.0709719499573112,
      1.099207904189825,
      1.0833729756996036,
      1.1038749944418669,
      1.1794070014730096,
      1.1222220491617918,
      1.1814030585810542
    ]
  },
  "hardware": "NVIDIA L20",
  "rounds": 80,
  "schema_version": 1,
  "shape": {
    "batch": 1,
    "dtype": "float16",
    "vocab": 151936
  },
  "speedups": {
    "triton_vs_cpu_roundtrip": 18.100846434908007,
    "triton_vs_torch_gpu_argmax": 0.3333333333333333
  },
  "torch_gpu_argmax": {
    "median_ms": 0.020479999482631683,
    "p10_ms": 0.01945599913597107,
    "p90_ms": 0.021503999829292297,
    "samples_ms": [
      0.02252800017595291,
      0.021503999829292297,
      0.01945599913597107,
      0.020479999482631683,
      0.020479999482631683,
      0.020479999482631683,
      0.01945599913597107,
      0.020479999482631683,
      0.020479999482631683,
      0.021503999829292297,
      0.020479999482631683,
      0.020479999482631683,
      0.020479999482631683,
      0.020479999482631683,
      0.020479999482631683,
      0.020479999482631683,
      0.020479999482631683,
      0.021503999829292297,
      0.020479999482631683,
      0.020479999482631683,
      0.025599999353289604,
      0.020479999482631683,
      0.020479999482631683,
      0.021503999829292297,
      0.020479999482631683,
      0.021503999829292297,
      0.01945599913597107,
      0.01945599913597107,
      0.021503999829292297,
      0.020479999482631683,
      0.020479999482631683,
      0.021503999829292297,
      0.01945599913597107,
      0.021503999829292297,
      0.01945599913597107,
      0.020479999482631683,
      0.020479999482631683,
      0.020479999482631683,
      0.020479999482631683,
      0.020479999482631683,
      0.020479999482631683,
      0.020479999482631683,
      0.020479999482631683,
      0.021503999829292297,
      0.020479999482631683,
      0.02457600086927414,
      0.020479999482631683,
      0.021503999829292297,
      0.01945599913597107,
      0.020479999482631683,
      0.01945599913597107,
      0.021503999829292297,
      0.020479999482631683,
      0.023552000522613525,
      0.026623999699950218,
      0.021503999829292297,
      0.01945599913597107,
      0.021503999829292297,
      0.020479999482631683,
      0.021503999829292297,
      0.020479999482631683,
      0.020479999482631683,
      0.020479999482631683,
      0.020479999482631683,
      0.020479999482631683,
      0.020479999482631683,
      0.01945599913597107,
      0.020479999482631683,
      0.021503999829292297,
      0.03174399957060814,
      0.023552000522613525,
      0.020447999238967896,
      0.020479999482631683,
      0.020479999482631683,
      0.01945599913597107,
      0.01945599913597107,
      0.020479999482631683,
      0.01945599913597107,
      0.020479999482631683,
      0.020479999482631683
    ]
  },
  "triton_gpu_greedy": {
    "median_ms": 0.06143999844789505,
    "p10_ms": 0.05939200147986412,
    "p90_ms": 0.07065600156784058,
    "samples_ms": [
      0.08191999793052673,
      0.07372800260782242,
      0.06656000018119812,
      0.0655359998345375,
      0.06348799914121628,
      0.06348799914121628,
      0.06348799914121628,
      0.062463998794555664,
      0.06143999844789505,
      0.06143999844789505,
      0.07065600156784058,
      0.06348799914121628,
      0.06143999844789505,
      0.060416001826524734,
      0.0798719972372055,
      0.06451199948787689,
      0.06143999844789505,
      0.060416001826524734,
      0.0655359998345375,
      0.06451199948787689,
      0.060416001826524734,
      0.07372800260782242,
      0.06963200122117996,
      0.062463998794555664,
      0.062463998794555664,
      0.06143999844789505,
      0.06143999844789505,
      0.05939200147986412,
      0.060416001826524734,
      0.060416001826524734,
      0.05939200147986412,
      0.060416001826524734,
      0.06143999844789505,
      0.07782399654388428,
      0.0655359998345375,
      0.06143999844789505,
      0.06143999844789505,
      0.060416001826524734,
      0.0655359998345375,
      0.060416001826524734,
      0.060416001826524734,
      0.058368001133203506,
      0.060416001826524734,
      0.05939200147986412,
      0.058368001133203506,
      0.07782399654388428,
      0.06656000018119812,
      0.06143999844789505,
      0.060416001826524734,
      0.07884799689054489,
      0.06758400052785873,
      0.06143999844789505,
      0.06348799914121628,
      0.060416001826524734,
      0.060416001826524734,
      0.05939200147986412,
      0.05939200147986412,
      0.07372800260782242,
      0.06451199948787689,
      0.06143999844789505,
      0.062463998794555664,
      0.060416001826524734,
      0.060416001826524734,
      0.06143999844789505,
      0.05939200147986412,
      0.060416001826524734,
      0.05939200147986412,
      0.060416001826524734,
      0.06860800087451935,
      0.07065600156784058,
      0.062463998794555664,
      0.05939200147986412,
      0.062463998794555664,
      0.05939200147986412,
      0.060416001826524734,
      0.05939200147986412,
      0.060416001826524734,
      0.06348799914121628,
      0.058368001133203506,
      0.058368001133203506
    ]
  },
  "warmup": 100
}
