{
  "cpu_roundtrip_argmax": {
    "median_ms": 1.1210625525563955,
    "p10_ms": 1.0846579680219293,
    "p90_ms": 1.1819800129160285,
    "samples_ms": [
      1.1017649667337537,
      1.0899719782173634,
      1.0875749867409468,
      1.0966419940814376,
      1.1849009897559881,
      1.1321050114929676,
      1.1320649646222591,
      1.0846579680219293,
      1.1026000138372183,
      1.0817100992426276,
      1.1094299843534827,
      1.1641939636319876,
      1.156677957624197,
      1.144467038102448,
      1.1281049810349941,
      1.125349081121385,
      1.0988820577040315,
      1.1060229735448956,
      1.182862906716764,
      1.1515499791130424,
      1.1379440547898412,
      1.1202739551663399,
      1.1116290697827935,
      1.1668779188767076,
      1.0855969740077853,
      1.1553390650078654,
      1.145398011431098,
      1.0845509823411703,
      1.1211090022698045,
      1.1037340154871345,
      1.089863944798708,
      1.0937380138784647,
      1.1819800129160285,
      1.1762860231101513,
      1.134783960878849,
      1.1333719594404101,
      1.1075789807364345,
      1.0971029987558722,
      1.0822640033438802,
      1.0844439966604114,
      1.145574962720275,
      1.1919059325009584,
      1.129334094002843,
      1.1133661027997732,
      1.1137990513816476,
      1.0728829074651003,
      1.09562196303159,
      1.1919039534404874,
      1.09585199970752,
      1.1706020450219512,
      1.1367379920557141,
      1.1241519823670387,
      1.0890539269894361,
      1.0752090020105243,
      1.074103987775743,
      1.1020810343325138,
      1.1651100357994437,
      1.1857789941132069,
      1.0972449090331793,
      1.1158459819853306,
      1.15862803068012,
      1.1860799277201295,
      1.0770680382847786,
      1.0917560430243611,
      1.1415090411901474,
      1.1327899992465973,
      1.1157230474054813,
      1.1424839030951262,
      1.1936670634895563,
      1.0969399008899927,
      1.1793338926509023,
      1.1210161028429866,
      1.1863589752465487,
      1.1648390209302306,
      1.1044359998777509,
      1.0890390258282423,
      1.1079709511250257,
      1.1216159909963608,
      1.1420639930292964,
      1.1245390633121133
    ]
  },
  "hardware": "NVIDIA L20",
  "launch": {
    "block_vocab": 1024,
    "blocks_per_row": 149,
    "num_stages": 1,
    "num_warps": 4,
    "strategy": "two_stage_block_argmax"
  },
  "rounds": 80,
  "schema_version": 1,
  "shape": {
    "batch": 1,
    "dtype": "float16",
    "vocab": 151936
  },
  "speedups": {
    "triton_preallocated_vs_cpu_roundtrip": 23.29335355997889,
    "triton_preallocated_vs_torch_gpu_argmax": 0.40425528950492684,
    "triton_vs_cpu_roundtrip": 16.842886861545914,
    "triton_vs_torch_gpu_argmax": 0.2923076785307312
  },
  "torch_gpu_argmax": {
    "median_ms": 0.01945599913597107,
    "p10_ms": 0.01945599913597107,
    "p90_ms": 0.020479999482631683,
    "samples_ms": [
      0.02252800017595291,
      0.021503999829292297,
      0.01945599913597107,
      0.01945599913597107,
      0.020479999482631683,
      0.01945599913597107,
      0.01945599913597107,
      0.01945599913597107,
      0.01945599913597107,
      0.020479999482631683,
      0.01945599913597107,
      0.020479999482631683,
      0.020479999482631683,
      0.020479999482631683,
      0.020479999482631683,
      0.01945599913597107,
      0.01945599913597107,
      0.026623999699950218,
      0.01945599913597107,
      0.04095999896526337,
      0.02252800017595291,
      0.020479999482631683,
      0.01945599913597107,
      0.018432000651955605,
      0.020479999482631683,
      0.020479999482631683,
      0.020479999482631683,
      0.01945599913597107,
      0.01945599913597107,
      0.01945599913597107,
      0.020479999482631683,
      0.01945599913597107,
      0.020447999238967896,
      0.020479999482631683,
      0.018432000651955605,
      0.020479999482631683,
      0.020479999482631683,
      0.01945599913597107,
      0.01945599913597107,
      0.01945599913597107,
      0.01945599913597107,
      0.01945599913597107,
      0.02457600086927414,
      0.020479999482631683,
      0.01945599913597107,
      0.01945599913597107,
      0.01945599913597107,
      0.018432000651955605,
      0.020479999482631683,
      0.020479999482631683,
      0.01945599913597107,
      0.01945599913597107,
      0.01945599913597107,
      0.01945599913597107,
      0.01945599913597107,
      0.01945599913597107,
      0.01945599913597107,
      0.01945599913597107,
      0.018432000651955605,
      0.01945599913597107,
      0.01945599913597107,
      0.01945599913597107,
      0.01945599913597107,
      0.01945599913597107,
      0.020479999482631683,
      0.01945599913597107,
      0.01945599913597107,
      0.02969600073993206,
      0.02457600086927414,
      0.020479999482631683,
      0.020479999482631683,
      0.01945599913597107,
      0.01945599913597107,
      0.01945599913597107,
      0.01945599913597107,
      0.01945599913597107,
      0.01945599913597107,
      0.01945599913597107,
      0.020447999238967896,
      0.01945599913597107
    ]
  },
  "triton_gpu_greedy": {
    "median_ms": 0.06656000018119812,
    "p10_ms": 0.06451199948787689,
    "p90_ms": 0.07884799689054489,
    "samples_ms": [
      0.0942080020904541,
      0.07884799689054489,
      0.08908800035715103,
      0.07782399654388428,
      0.07065600156784058,
      0.06963200122117996,
      0.06864000111818314,
      0.06860800087451935,
      0.06758400052785873,
      0.06656000018119812,
      0.06758400052785873,
      0.0655359998345375,
      0.08089599758386612,
      0.07168000191450119,
      0.06656000018119812,
      0.06656000018119812,
      0.06963200122117996,
      0.0655359998345375,
      0.06656000018119812,
      0.07065600156784058,
      0.0655359998345375,
      0.0655359998345375,
      0.06758400052785873,
      0.0798719972372055,
      0.0727040022611618,
      0.06656000018119812,
      0.06758400052785873,
      0.06656000018119812,
      0.0655359998345375,
      0.06656000018119812,
      0.06656000018119812,
      0.06451199948787689,
      0.06451199948787689,
      0.06758400052785873,
      0.07372800260782242,
      0.08396799862384796,
      0.07785599678754807,
      0.06758400052785873,
      0.06656000018119812,
      0.06656000018119812,
      0.0655359998345375,
      0.06451199948787689,
      0.06758400052785873,
      0.06451199948787689,
      0.06348799914121628,
      0.07475200295448303,
      0.07475200295448303,
      0.06860800087451935,
      0.06860800087451935,
      0.06451199948787689,
      0.06348799914121628,
      0.0655359998345375,
      0.06451199948787689,
      0.06348799914121628,
      0.0655359998345375,
      0.07065600156784058,
      0.0655359998345375,
      0.07680000364780426,
      0.06758400052785873,
      0.0655359998345375,
      0.06451199948787689,
      0.0655359998345375,
      0.0655359998345375,
      0.06451199948787689,
      0.06348799914121628,
      0.06451199948787689,
      0.06451199948787689,
      0.06348799914121628,
      0.08499199897050858,
      0.08601599931716919,
      0.07065600156784058,
      0.06656000018119812,
      0.06656000018119812,
      0.06656000018119812,
      0.06656000018119812,
      0.06860800087451935,
      0.0655359998345375,
      0.0655359998345375,
      0.0655359998345375,
      0.08499199897050858
    ]
  },
  "triton_gpu_greedy_preallocated": {
    "median_ms": 0.048128001391887665,
    "p10_ms": 0.04608000069856644,
    "p90_ms": 0.053247999399900436,