{
  "cpu_roundtrip_argmax": {
    "median_ms": 1.1034095077775419,
    "p10_ms": 1.0837808949872851,
    "p90_ms": 1.1643989710137248,
    "samples_ms": [
      1.0827139485627413,
      1.1895149946212769,
      1.0855990694835782,
      1.127163995988667,
      1.1792440200224519,
      1.173567958176136,
      1.1920359684154391,
      1.1605609906837344,
      1.1303400387987494,
      1.085749943740666,
      1.0845039505511522,
      1.1643989710137248,
      1.0890209814533591,
      1.090356963686645,
      1.103839953429997,
      1.1530470801517367,
      1.1589440982788801,
      1.0910510318353772,
      1.0984030086547136,
      1.1177220148965716,
      1.08582794200629,
      1.1029790621250868,
      1.1100230040028691,
      1.1099049588665366,
      1.153026008978486,
      1.0990060400217772,
      1.0970609728246927,
      1.1053259950131178,
      1.1120110284537077,
      1.0736490366980433,
      1.0815480491146445,
      1.1905650608241558,
      1.0995159391313791,
      1.0864189825952053,
      1.1254670098423958,
      1.115294056944549,
      1.0770370718091726,
      1.0800189338624477,
      1.0793940164148808,
      1.0955079924315214,
      1.1588570196181536,
      1.1553680524230003,
      1.0842860210686922,
      1.0920639615505934,
      1.100072986446321,
      1.1089830659329891,
      1.11229601316154,
      1.0938990162685513,
      1.1656039860099554,
      1.087005017325282,
      1.1258739978075027,
      1.0837808949872851,
      1.1387639679014683,
      1.0885059600695968,
      1.0886240052059293,
      1.1025969870388508,
      1.1006280547007918,
      1.1520599946379662,
      1.1318769538775086,
      1.1267759837210178
    ]
  },
  "hardware": "NVIDIA L20",
  "launch": {
    "block_vocab": 4096,
    "blocks_per_row": 38,
    "num_stages": 1,
    "num_warps": 8,
    "strategy": "two_stage_block_argmax"
  },
  "rounds": 60,
  "schema_version": 1,
  "shape": {
    "batch": 1,
    "dtype": "float16",
    "vocab": 151936
  },
  "speedups": {
    "triton_preallocated_vs_cpu_roundtrip": 23.42496355496638,
    "triton_preallocated_vs_torch_gpu_argmax": 0.4130434507525238,
    "triton_vs_cpu_roundtrip": 16.577666838547174,
    "triton_vs_torch_gpu_argmax": 0.2923076785307312
  },
  "torch_gpu_argmax": {
    "median_ms": 0.01945599913597107,
    "p10_ms": 0.01945599913597107,
    "p90_ms": 0.020479999482631683,
    "samples_ms": [
      0.021503999829292297,
      0.020479999482631683,
      0.01945599913597107,
      0.01945599913597107,
      0.03276799991726875,
      0.021503999829292297,
      0.018432000651955605,
      0.01945599913597107,
      0.01945599913597107,
      0.01945599913597107,
      0.020479999482631683,
      0.01945599913597107,
      0.01945599913597107,
      0.01945599913597107,
      0.01945599913597107,
      0.01945599913597107,
      0.01945599913597107,
      0.01945599913597107,
      0.01945599913597107,
      0.01945599913597107,
      0.018432000651955605,
      0.020479999482631683,
      0.018432000651955605,
      0.018432000651955605,
      0.01945599913597107,
      0.01945599913597107,
      0.01945599913597107,
      0.020479999482631683,
      0.01945599913597107,
      0.01945599913597107,
      0.02457600086927414,
      0.020479999482631683,
      0.01945599913597107,
      0.01945599913597107,
      0.01945599913597107,
      0.01945599913597107,
      0.01945599913597107,
      0.01945599913597107,
      0.018432000651955605,
      0.01945599913597107,
      0.020479999482631683,
      0.020479999482631683,
      0.01945599913597107,
      0.01945599913597107,
      0.01945599913597107,
      0.01945599913597107,
      0.018432000651955605,
      0.01945599913597107,
      0.01945599913597107,
      0.01945599913597107,
      0.020479999482631683,
      0.020479999482631683,
      0.01945599913597107,
      0.020479999482631683,
      0.01945599913597107,
      0.02457600086927414,
      0.01945599913597107,
      0.01945599913597107,
      0.01945599913597107,
      0.01945599913597107
    ]
  },
  "triton_gpu_greedy": {
    "median_ms": 0.06656000018119812,
    "p10_ms": 0.06451199948787689,
    "p90_ms": 0.07884799689054489,
    "samples_ms": [
      0.08191999793052673,
      0.07168000191450119,
      0.06963200122117996,
      0.06860800087451935,
      0.06860800087451935,
      0.09731200337409973,
      0.06963200122117996,
      0.06656000018119812,
      0.06758400052785873,
      0.06656000018119812,
      0.0655359998345375,
      0.06348799914121628,
      0.0655359998345375,
      0.06451199948787689,
      0.06451199948787689,
      0.08601599931716919,
      0.07372800260782242,
      0.06860800087451935,
      0.06656000018119812,
      0.06758400052785873,
      0.0655359998345375,
      0.06656000018119812,
      0.0655359998345375,
      0.0655359998345375,
      0.06758400052785873,
      0.06451199948787689,
      0.07884799689054489,
      0.07168000191450119,
      0.06758400052785873,
      0.0655359998345375,
      0.0655359998345375,
      0.06656000018119812,
      0.06656000018119812,
      0.06656000018119812,
      0.06451199948787689,
      0.06348799914121628,
      0.06451199948787689,
      0.07475200295448303,
      0.08806400001049042,
      0.07680000364780426,
      0.07065600156784058,
      0.06963200122117996,
      0.0655359998345375,
      0.06656000018119812,
      0.0655359998345375,
      0.0655359998345375,
      0.06451199948787689,
      0.06348799914121628,
      0.08806400001049042,
      0.07065600156784058,
      0.0655359998345375,
      0.06656000018119812,
      0.06451199948787689,
      0.0655359998345375,
      0.0655359998345375,
      0.06451199948787689,
      0.06451199948787689,
      0.0655359998345375,
      0.06451199948787689,
      0.08499199897050858
    ]
  },
  "triton_gpu_greedy_preallocated": {
    "median_ms": 0.04710400104522705,
    "p10_ms": 0.04505600035190582,
    "p90_ms": 0.05427199974656105,
    "samples_ms": [
      0.05222399905323982,
      0.04915200173854828,
      0.04710400104522705,
      0.048128001391887665,
      0.06143999844789505,
      0.053247999399900436,
      0.048128001391887665,
      0.04710400104522705,
      0.04710400104522705,
      0.04710400104522705,
      0.05427199974656105,
      0.04608000069856644,
      0.04608000069856644,
      0.04608000069856644,
      0.04710400104522705,
      0.04505600035190582,
      0.04505600035190582,
      0.04608000069856644,
      0.05632000043988228,
      0.05427199974656105,
      0.05427199974656105,
      0.04915200173854828,
      0.048128001391887665,
      0.050175998359918594,
      0.04710400104522705,
      0.05427199974656105,
      0.048128001391887665,
      0.04608000069856644,
      0.04608000069856644,
      0.04918399825692177,
      0.04608000069856644,
      0.04505600035190582,
      0.06143999844789505,
      0.05734400078654289,
      0.04915200173854828,
      0.050175998359918594,
      0.04710400104522705,
      0.048128001391887665,
      0.05119999870657921,
      0.048128001391887665,
      0.04710400104522705,
      0.04710400104522705,
      0.04505600035190582,
      0.04608000069856644,
      0.04915200173854828,
      0.04505600035190582,
      0.04505600035190582,
      0.05222399905323982,
      0.05119999870657921,
      0.04710400104522705,
      0.04505600035190582,
      0.04608000069856644,
      0.04608000069856644,
      0.04608000069856644,
      0.04608000069856644,
      0.04608000069856644,
      0.04608000069856644,
      0.04505600035190582,
      0.04403200000524521,
      0.04505600035190582
    ]
  },
  "warmup": 80
}
