{
  "cpu_roundtrip_argmax": {
    "median_ms": 1.1085125152021646,
    "p10_ms": 1.0781660676002502,
    "p90_ms": 1.170885981991887,
    "samples_ms": [
      1.1933419154956937,
      1.1344520607963204,
      1.08113803435117,
      1.0781660676002502,
      1.0805230122059584,
      1.0730139911174774,
      1.181386993266642,
      1.1648680083453655,
      1.1487280717119575,
      1.1601099977269769,
      1.0795509442687035,
      1.1874879710376263,
      1.0908968979492784,
      1.1099680559709668,
      1.1887080036103725,
      1.0989040601998568,
      1.1218719882890582,
      1.0776969138532877,
      1.0728579945862293,
      1.1136869434267282,
      1.1050439206883311,
      1.0888329707086086,
      1.075973967090249,
      1.1577230179682374,
      1.1363100493326783,
      1.117562991566956,
      1.1032259790226817,
      1.1662810575217009,
      1.0785589693114161,
      1.100853900425136,
      1.100935973227024,
      1.1545460438355803,
      1.131535042077303,
      1.1143460869789124,
      1.07581599149853,
      1.091694924980402,
      1.1069109896197915,
      1.1034110793843865,
      1.170885981991887,
      1.0882590431720018,
      1.1439110385254025,
      1.0842951014637947,
      1.080038957297802,
      1.1150400387123227,
      1.0968319838866591,
      1.1556410463526845,
      1.1674179695546627,
      1.0926020331680775,
      1.1305990628898144,
      1.120442058891058,
      1.1859979713335633,
      1.10250199213624,
      1.1070569744333625,
      1.1650959495455027,
      1.199988997541368,
      1.0984489927068353,
      1.0778290452435613,
      1.1647359933704138,
      1.0836940491572022,
      1.1635409900918603
    ]
  },
  "hardware": "NVIDIA L20",
  "launch": {
    "block_vocab": 2048,
    "blocks_per_row": 75,
    "num_stages": 1,
    "num_warps": 4,
    "strategy": "two_stage_block_argmax"
  },
  "rounds": 60,
  "schema_version": 1,
  "shape": {
    "batch": 1,
    "dtype": "float16",
    "vocab": 151936
  },
  "speedups": {
    "triton_preallocated_vs_cpu_roundtrip": 23.0402495414816,
    "triton_preallocated_vs_torch_gpu_argmax": 0.40438972859938394,
    "triton_vs_cpu_roundtrip": 16.401996131395414,
    "triton_vs_torch_gpu_argmax": 0.2878787728458177
  },
  "torch_gpu_argmax": {
    "median_ms": 0.01945599913597107,
    "p10_ms": 0.01945599913597107,
    "p90_ms": 0.020479999482631683,
    "samples_ms": [
      0.02252800017595291,
      0.01945599913597107,
      0.020479999482631683,
      0.01945599913597107,
      0.01945599913597107,
      0.020479999482631683,
      0.020479999482631683,
      0.020479999482631683,
      0.01945599913597107,
      0.01945599913597107,
      0.01945599913597107,
      0.01945599913597107,
      0.01945599913597107,
      0.01945599913597107,
      0.01945599913597107,
      0.020479999482631683,
      0.020479999482631683,
      0.020479999482631683,
      0.020479999482631683,
      0.020479999482631683,
      0.01945599913597107,
      0.020479999482631683,
      0.027648000046610832,
      0.01945599913597107,
      0.01945599913597107,
      0.01945599913597107,
      0.01945599913597107,
      0.020479999482631683,
      0.01945599913597107,
      0.020479999482631683,
      0.020479999482631683,
      0.01945599913597107,
      0.020479999482631683,
      0.018432000651955605,
      0.020479999482631683,
      0.020479999482631683,
      0.020479999482631683,
      0.01945599913597107,
      0.020479999482631683,
      0.01945599913597107,
      0.020479999482631683,
      0.01945599913597107,
      0.01945599913597107,
      0.020479999482631683,
      0.01945599913597107,
      0.01945599913597107,
      0.02969600073993206,
      0.02457600086927414,
      0.020479999482631683,
      0.020479999482631683,
      0.01945599913597107,
      0.01945599913597107,
      0.01945599913597107,
      0.020479999482631683,
      0.020479999482631683,
      0.01945599913597107,
      0.020479999482631683,
      0.01945599913597107,
      0.01945599913597107,
      0.01945599913597107
    ]
  },
  "triton_gpu_greedy": {
    "median_ms": 0.06758400052785873,
    "p10_ms": 0.0655359998345375,
    "p90_ms": 0.07680000364780426,
    "samples_ms": [
      0.08499199897050858,
      0.07577600330114365,
      0.07065600156784058,
      0.08908800035715103,
      0.07372800260782242,
      0.09318400174379349,
      0.06860800087451935,
      0.06758400052785873,
      0.06758400052785873,
      0.0655359998345375,
      0.06656000018119812,
      0.06656000018119812,
      0.06656000018119812,
      0.07577600330114365,
      0.07577600330114365,
      0.06761600077152252,
      0.06860800087451935,
      0.06758400052785873,
      0.06860800087451935,
      0.06656000018119812,
      0.0655359998345375,
      0.06656000018119812,
      0.06758400052785873,
      0.06758400052785873,
      0.0798719972372055,
      0.07577600330114365,
      0.07065600156784058,
      0.07577600330114365,
      0.07065600156784058,
      0.06860800087451935,
      0.06656000018119812,
      0.0655359998345375,
      0.0655359998345375,
      0.06348799914121628,
      0.0655359998345375,
      0.0870399996638298,
      0.07475200295448303,
      0.07065600156784058,
      0.06963200122117996,
      0.06860800087451935,
      0.06656000018119812,
      0.06860800087451935,
      0.06656000018119812,
      0.06656000018119812,
      0.06451199948787689,
      0.06348799914121628,
      0.0798719972372055,
      0.07168000191450119,
      0.07475200295448303,
      0.0655359998345375,
      0.0655359998345375,
      0.0655359998345375,
      0.06656000018119812,
      0.06656000018119812,
      0.0655359998345375,
      0.06451199948787689,
      0.0655359998345375,
      0.07680000364780426,
      0.07168000191450119,
      0.0655359998345375
    ]
  },
  "triton_gpu_greedy_preallocated": {
    "median_ms": 0.04811200127005577,
    "p10_ms": 0.04505600035190582,
    "p90_ms": 0.055296000093221664,
    "samples_ms": [
      0.053247999399900436,
      0.05734400078654289,
      0.050175998359918594,
      0.04915200173854828,
      0.05427199974656105,
      0.05222399905323982,
      0.048128001391887665,
      0.04608000069856644,
      0.04608000069856644,
      0.048128001391887665,
      0.048128001391887665,
      0.04608000069856644,
      0.04505600035190582,
      0.04505600035190582,
      0.048128001391887665,
      0.05939200147986412,
      0.05119999870657921,
      0.04915200173854828,
      0.04710400104522705,
      0.04710400104522705,
      0.04710400104522705,
      0.04710400104522705,
      0.04710400104522705,
      0.04915200173854828,
      0.04710400104522705,
      0.05222399905323982,
      0.04505600035190582,
      0.04608000069856644,
      0.04505600035190582,
      0.06963200122117996,
      0.053247999399900436,
      0.050175998359918594,
      0.06656000018119812,
      0.048128001391887665,
      0.04505600035190582,
      0.04608000069856644,
      0.04710400104522705,
      0.044064000248909,
      0.048128001391887665,
      0.04505600035190582,
      0.04608000069856644,
      0.04710400104522705,
      0.04608000069856644,
      0.05632000043988228,
      0.055296000093221664,
      0.050175998359918594,
      0.04809600114822388,
      0.048128001391887665,
      0.04710400104522705,
      0.04713600128889084,
      0.04710400104522705,
      0.048128001391887665,
      0.04608000069856644,
      0.04915200173854828,
      0.048128001391887665,
      0.04710400104522705,
      0.04710400104522705,
      0.04710400104522705,
      0.07168000191450119,
      0.050175998359918594
    ]
  },
  "warmup": 80
}
