{
  "cpu_roundtrip_argmax": {
    "median_ms": 1.1269430397078395,
    "p10_ms": 1.0780409211292863,
    "p90_ms": 1.1854540789499879,
    "samples_ms": [
      1.144822919741273,
      1.1704839998856187,
      1.0888510150834918,
      1.2010709615424275,
      1.1806299444288015,
      1.1753400322049856,
      1.1157379485666752,
      1.1012960458174348,
      1.0998230427503586,
      1.0801099706441164,
      1.1827279813587666,
      1.1002609971910715,
      1.1774740414693952,
      1.131506054662168,
      1.1238539591431618,
      1.09186302870512,
      1.084348070435226,
      1.0817809961736202,
      1.1074169306084514,
      1.1606100015342236,
      1.1886660940945148,
      1.118132029660046,
      1.1630409862846136,
      1.1916100047528744,
      1.1141749564558268,
      1.0719560086727142,
      1.1345919920131564,
      1.077500986866653,
      1.1205660412088037,
      1.1145849712193012,
      1.0796129936352372,
      1.0906039969995618,
      1.16628292016685,
      1.1433720355853438,
      1.0780420852825046,
      1.0938199702650309,
      1.0855019791051745,
      1.12990103662014,
      1.1865290580317378,
      1.1555280070751905,
      1.1733820429071784,
      1.0971560841426253,
      1.1355099268257618,
      1.123985042795539,
      1.1886779684573412,
      1.0869429679587483,
      1.0790060041472316,
      1.177420956082642,
      1.1652479879558086,
      1.1437209323048592,
      1.1872180039063096,
      1.1220279848203063,
      1.0728889610618353,
      1.073805964551866,
      1.0958700440824032,
      1.1424010153859854,
      1.1679920135065913,
      1.1900130193680525,
      1.1671490501612425,
      1.0948650306090713,
      1.0730830254033208,
      1.1747749522328377,
      1.1571099748834968,
      1.1360299540683627,
      1.1323229409754276,
      1.0716690449044108,
      1.0978860082104802,
      1.1054319329559803,
      1.1854540789499879,
      1.0780409211292863,
      1.1921520344913006,
      1.0766580235213041,
      1.0739060817286372,
      1.156190992332995,
      1.1470140889286995,
      1.082250033505261,
      1.0821609757840633,
      1.1641490273177624,
      1.137527055107057,
      1.1773239821195602
    ]
  },
  "hardware": "NVIDIA L20",
  "rounds": 80,
  "schema_version": 1,
  "shape": {
    "batch": 1,
    "dtype": "float16",
    "vocab": 151936
  },
  "speedups": {
    "triton_vs_cpu_roundtrip": 12.947415487825996,
    "triton_vs_torch_gpu_argmax": 0.23529411261179403
  },
  "torch_gpu_argmax": {
    "median_ms": 0.020479999482631683,
    "p10_ms": 0.01945599913597107,
    "p90_ms": 0.02252800017595291,
    "samples_ms": [
      0.02252800017595291,
      0.021503999829292297,
      0.021503999829292297,
      0.01945599913597107,
      0.021503999829292297,
      0.020479999482631683,
      0.021503999829292297,
      0.020479999482631683,
      0.020479999482631683,
      0.01945599913597107,
      0.021503999829292297,
      0.01945599913597107,
      0.020479999482631683,
      0.01945599913597107,
      0.020479999482631683,
      0.01945599913597107,
      0.020479999482631683,
      0.02457600086927414,
      0.023552000522613525,
      0.021503999829292297,
      0.02252800017595291,
      0.021503999829292297,
      0.021503999829292297,
      0.021503999829292297,
      0.02252800017595291,
      0.01945599913597107,
      0.021503999829292297,
      0.01945599913597107,
      0.020479999482631683,
      0.01945599913597107,
      0.020479999482631683,
      0.020479999482631683,
      0.020479999482631683,
      0.01945599913597107,
      0.020479999482631683,
      0.01945599913597107,
      0.020479999482631683,
      0.020479999482631683,
      0.01945599913597107,
      0.020479999482631683,
      0.020479999482631683,
      0.03788800165057182,
      0.04403200000524521,
      0.021503999829292297,
      0.021503999829292297,
      0.020479999482631683,
      0.020479999482631683,
      0.01945599913597107,
      0.020479999482631683,
      0.01945599913597107,
      0.021503999829292297,
      0.01945599913597107,
      0.020479999482631683,
      0.020479999482631683,
      0.020447999238967896,
      0.01945599913597107,
      0.020479999482631683,
      0.020479999482631683,
      0.021503999829292297,
      0.020479999482631683,
      0.020479999482631683,
      0.020479999482631683,
      0.01945599913597107,
      0.020479999482631683,
      0.020479999482631683,
      0.025599999353289604,
      0.025599999353289604,
      0.020479999482631683,
      0.01945599913597107,
      0.020479999482631683,
      0.01945599913597107,
      0.021503999829292297,
      0.01945599913597107,
      0.01945599913597107,
      0.020479999482631683,
      0.01945599913597107,
      0.01945599913597107,
      0.021503999829292297,
      0.01945599913597107,
      0.020479999482631683
    ]
  },
  "triton_gpu_greedy": {
    "median_ms": 0.0870399996638298,
    "p10_ms": 0.08601599931716919,
    "p90_ms": 0.0942080020904541,
    "samples_ms": [
      0.1013759970664978,
      0.09113600105047226,
      0.08908800035715103,
      0.09011200070381165,
      0.09113600105047226,
      0.09318400174379349,
      0.09011200070381165,
      0.09523200243711472,
      0.08908800035715103,
      0.08806400001049042,
      0.08908800035715103,
      0.08806400001049042,
      0.0870399996638298,
      0.0870399996638298,
      0.0870399996638298,
      0.08601599931716919,
      0.09523200243711472,
      0.0870399996638298,
      0.08806400001049042,
      0.0870399996638298,
      0.0870399996638298,
      0.0870399996638298,
      0.08601599931716919,
      0.0870399996638298,
      0.08806400001049042,
      0.09523200243711472,
      0.08908800035715103,
      0.08908800035715103,
      0.0870399996638298,
      0.0870399996638298,
      0.08601599931716919,
      0.0859839990735054,
      0.08601599931716919,
      0.08499199897050858,
      0.0942080020904541,
      0.09011200070381165,
      0.09113600105047226,
      0.0870399996638298,
      0.09318400174379349,
      0.09011200070381165,
      0.09113600105047226,
      0.08806400001049042,
      0.0870399996638298,
      0.09318400174379349,
      0.08908800035715103,
      0.08806400001049042,
      0.08601599931716919,
      0.0870399996638298,
      0.08601599931716919,
      0.08601599931716919,
      0.08601599931716919,
      0.08601599931716919,
      0.09625600278377533,
      0.09728000313043594,
      0.09011200070381165,
      0.08806400001049042,
      0.08806400001049042,
      0.08806400001049042,
      0.0870399996638298,
      0.08601599931716919,
      0.0870399996638298,
      0.0870399996638298,
      0.09523200243711472,
      0.08806400001049042,
      0.08601599931716919,
      0.0870399996638298,
      0.0870399996638298,
      0.08601599931716919,
      0.0870399996638298,
      0.08601599931716919,
      0.0870399996638298,
      0.0942080020904541,
      0.08908800035715103,
      0.08601599931716919,
      0.0870399996638298,
      0.0870399996638298,
      0.0870399996638298,
      0.0870399996638298,
      0.0870399996638298,
      0.0870399996638298
    ]
  },
  "warmup": 20
}
