{
  "cpu_roundtrip_argmax": {
    "median_ms": 1.1055929935537279,
    "p10_ms": 1.0788089130073786,
    "p90_ms": 1.1797120096161962,
    "samples_ms": [
      1.1016930220648646,
      1.0788809740915895,
      1.1888239532709122,
      1.0894160950556397,
      1.1842700187116861,
      1.1420469963923097,
      1.1251780670136213,
      1.0747360065579414,
      1.071895007044077,
      1.1618779972195625,
      1.076487940736115,
      1.1797120096161962,
      1.1558090336620808,
      1.086584059521556,
      1.124021946452558,
      1.1267990339547396,
      1.0973139433190227,
      1.1476889485493302,
      1.0804429184645414,
      1.1637869756668806,
      1.1460810201242566,
      1.1272160336375237,
      1.1155440006405115,
      1.1049739550799131,
      1.0907070245593786,
      1.0794990230351686,
      1.0848649544641376,
      1.0942650260403752,
      1.1944019934162498,
      1.0972190648317337,
      1.098905922845006,
      1.167902024462819,
      1.0719560086727142,
      1.1062120320275426,
      1.1125999735668302,
      1.107805990613997,
      1.1511279735714197,
      1.130100921727717,
      1.0819939197972417,
      1.099294051527977,
      1.0788089130073786,
      1.1099850526079535,
      1.0776249691843987,
      1.1028710287064314,
      1.165466965176165,
      1.0871929116547108,
      1.0872570564970374,
      1.1222099419683218,
      1.101382076740265,
      1.0965720284730196,
      1.0809310479089618,
      1.1813129531219602,
      1.1500610271468759,
      1.136388978920877,
      1.0824749479070306,
      1.1256959987804294,
      1.0724019957706332,
      1.0934219462797046,
      1.1910130269825459,
      1.186650013551116
    ]
  },
  "hardware": "NVIDIA L20",
  "launch": {
    "block_vocab": 8192,
    "blocks_per_row": 19,
    "num_stages": 1,
    "num_warps": 8,
    "strategy": "two_stage_block_argmax"
  },
  "rounds": 60,
  "schema_version": 1,
  "shape": {
    "batch": 1,
    "dtype": "float16",
    "vocab": 151936
  },
  "speedups": {
    "triton_preallocated_vs_cpu_roundtrip": 23.471318126292275,
    "triton_preallocated_vs_torch_gpu_argmax": 0.43478258806439285,
    "triton_vs_cpu_roundtrip": 16.61047161273951,
    "triton_vs_torch_gpu_argmax": 0.307692299081707
  },
  "torch_gpu_argmax": {
    "median_ms": 0.020479999482631683,
    "p10_ms": 0.01945599913597107,
    "p90_ms": 0.02252800017595291,
    "samples_ms": [
      0.02252800017595291,
      0.021503999829292297,
      0.020479999482631683,
      0.020479999482631683,
      0.020479999482631683,
      0.020479999482631683,
      0.020479999482631683,
      0.020479999482631683,
      0.035840000957250595,
      0.02252800017595291,
      0.021503999829292297,
      0.01945599913597107,
      0.020479999482631683,
      0.020479999482631683,
      0.01945599913597107,
      0.020479999482631683,
      0.02457600086927414,
      0.01945599913597107,
      0.020479999482631683,
      0.01945599913597107,
      0.020479999482631683,
      0.020479999482631683,
      0.020479999482631683,
      0.01945599913597107,
      0.01945599913597107,
      0.01945599913597107,
      0.01945599913597107,
      0.020479999482631683,
      0.020479999482631683,
      0.020479999482631683,
      0.01945599913597107,
      0.020479999482631683,
      0.01945599913597107,
      0.03686400130391121,
      0.025599999353289604,
      0.020479999482631683,
      0.021503999829292297,
      0.021503999829292297,
      0.020479999482631683,
      0.020479999482631683,
      0.020479999482631683,
      0.020479999482631683,
      0.020479999482631683,
      0.020479999482631683,
      0.020479999482631683,
      0.021503999829292297,
      0.020479999482631683,
      0.020479999482631683,
      0.01945599913597107,
      0.020479999482631683,
      0.020479999482631683,
      0.020479999482631683,
      0.020479999482631683,
      0.020479999482631683,
      0.01945599913597107,
      0.020479999482631683,
      0.01945599913597107,
      0.020479999482631683,
      0.03891199827194214,
      0.025599999353289604
    ]
  },
  "triton_gpu_greedy": {
    "median_ms": 0.06656000018119812,
    "p10_ms": 0.06451199948787689,
    "p90_ms": 0.07577600330114365,
    "samples_ms": [
      0.08294399827718735,
      0.07577600330114365,
      0.0727040022611618,
      0.06860800087451935,
      0.06758400052785873,
      0.06656000018119812,
      0.10342399775981903,
      0.07475200295448303,
      0.06758400052785873,
      0.06963200122117996,
      0.06656000018119812,
      0.0655359998345375,
      0.06451199948787689,
      0.06758400052785873,
      0.06656000018119812,
      0.06348799914121628,
      0.0655359998345375,
      0.08908800035715103,
      0.06963200122117996,
      0.06758400052785873,
      0.06656000018119812,
      0.0655359998345375,
      0.0655359998345375,
      0.06348799914121628,
      0.06348799914121628,
      0.06451199948787689,
      0.0655359998345375,
      0.06451199948787689,
      0.08908800035715103,
      0.07372800260782242,
      0.06758400052785873,
      0.06656000018119812,
      0.06758400052785873,
      0.06758400052785873,
      0.06656000018119812,
      0.06758400052785873,
      0.0655359998345375,
      0.06451199948787689,
      0.06963200122117996,
      0.08396799862384796,
      0.07065600156784058,
      0.07065600156784058,
      0.06656000018119812,
      0.06656000018119812,
      0.0655359998345375,
      0.06758400052785873,
      0.0655359998345375,
      0.06451199948787689,
      0.07372800260782242,
      0.0655359998345375,
      0.08089599758386612,
      0.07065600156784058,
      0.06656000018119812,
      0.06656000018119812,
      0.06656000018119812,
      0.06451199948787689,
      0.06348799914121628,
      0.0655359998345375,
      0.06348799914121628,
      0.06348799914121628
    ]
  },
  "triton_gpu_greedy_preallocated": {
    "median_ms": 0.04710400104522705,
    "p10_ms": 0.04505600035190582,
    "p90_ms": 0.05222399905323982,
    "samples_ms": [
      0.05632000043988228,
      0.05222399905323982,
      0.048128001391887665,
      0.048128001391887665,
      0.04915200173854828,
      0.050175998359918594,
      0.053247999399900436,
      0.05222399905323982,
      0.04915200173854828,
      0.04915200173854828,
      0.04710400104522705,
      0.04710400104522705,
      0.04505600035190582,
      0.04608000069856644,
      0.04608000069856644,
      0.04403200000524521,
      0.04915200173854828,
      0.04505600035190582,
      0.04403200000524521,
      0.04505600035190582,
      0.04608000069856644,
      0.06348799914121628,
      0.05222399905323982,
      0.05119999870657921,
      0.048128001391887665,
      0.05427199974656105,
      0.048128001391887665,
      0.04710400104522705,
      0.04505600035190582,
      0.048128001391887665,
      0.04505600035190582,
      0.04403200000524521,
      0.04608000069856644,
      0.04710400104522705,
      0.04505600035190582,
      0.0727040022611618,
      0.05222399905323982,
      0.048128001391887665,
      0.04915200173854828,
      0.048128001391887665,
      0.04710400104522705,
      0.048128001391887665,
      0.04608000069856644,
      0.04505600035190582,
      0.048128001391887665,
      0.04505600035190582,
      0.04505600035190582,
      0.04608000069856644,
      0.04710400104522705,
      0.04608000069856644,
      0.053247999399900436,
      0.048128001391887665,
      0.04608000069856644,
      0.04710400104522705,
      0.04505600035190582,
      0.04505600035190582,
      0.04505600035190582,
      0.04505600035190582,
      0.04403200000524521,
      0.04403200000524521
    ]
  },
  "warmup": 80
}
