{
  "cpu_roundtrip_argmax": {
    "median_ms": 1.1017249780707061,
    "p10_ms": 1.0755769908428192,
    "p90_ms": 1.1860330123454332,
    "samples_ms": [
      1.113486010581255,
      1.10241596121341,
      1.0757739655673504,
      1.077515073120594,
      1.0792260291054845,
      1.1189710348844528,
      1.0737680131569505,
      1.0911030694842339,
      1.1900400277227163,
      1.121919951401651,
      1.11056596506387,
      1.1024889536201954,
      1.1337869800627232,
      1.1563689913600683,
      1.1803490342572331,
      1.1197959538549185,
      1.108989934436977,
      1.0931319557130337,
      1.1798969935625792,
      1.087062992155552,
      1.0931240394711494,
      1.144421985372901,
      1.0908650001510978,
      1.1933959322050214,
      1.080283080227673,
      1.1657109716907144,
      1.1980680283159018,
      1.1521049309521914,
      1.0881599737331271,
      1.0727379703894258,
      1.1357119074091315,
      1.0817679576575756,
      1.0914088925346732,
      1.199978985823691,
      1.103588961996138,
      1.1010339949280024,
      1.0900819906964898,
      1.0865749791264534,
      1.0755769908428192,
      1.0801509488373995,
      1.0728439083322883,
      1.1945159640163183,
      1.1860330123454332,
      1.0872089769691229,
      1.0980069637298584,
      1.0715930256992579,
      1.136207953095436,
      1.0824269847944379,
      1.082772039808333,
      1.0735179530456662,
      1.2330899480730295,
      1.1688130907714367,
      1.0722270235419273,
      1.0905959643423557,
      1.1240839958190918,
      1.1121019488200545,
      1.0962309315800667,
      1.1774090817198157,
      1.099298009648919,
      1.1640029260888696
    ]
  },
  "hardware": "NVIDIA L20",
  "launch": {
    "block_vocab": 512,
    "blocks_per_row": 297,
    "num_stages": 1,
    "num_warps": 4,
    "strategy": "two_stage_block_argmax"
  },
  "rounds": 60,
  "schema_version": 1,
  "shape": {
    "batch": 1,
    "dtype": "float16",
    "vocab": 151936
  },
  "speedups": {
    "triton_preallocated_vs_cpu_roundtrip": 22.414651267532406,
    "triton_preallocated_vs_torch_gpu_argmax": 0.41666664140292586,
    "triton_vs_cpu_roundtrip": 16.058257987806797,
    "triton_vs_torch_gpu_argmax": 0.29850745134067663
  },
  "torch_gpu_argmax": {
    "median_ms": 0.020479999482631683,
    "p10_ms": 0.020479999482631683,
    "p90_ms": 0.021503999829292297,
    "samples_ms": [
      0.02252800017595291,
      0.021503999829292297,
      0.021503999829292297,
      0.021503999829292297,
      0.025599999353289604,
      0.020479999482631683,
      0.020479999482631683,
      0.020479999482631683,
      0.01945599913597107,
      0.021503999829292297,
      0.020479999482631683,
      0.020479999482631683,
      0.020479999482631683,
      0.020479999482631683,
      0.020479999482631683,
      0.020479999482631683,
      0.020479999482631683,
      0.027648000046610832,
      0.021503999829292297,
      0.021503999829292297,
      0.020479999482631683,
      0.020447999238967896,
      0.021503999829292297,
      0.020479999482631683,
      0.020479999482631683,
      0.020479999482631683,
      0.020479999482631683,
      0.020479999482631683,
      0.020479999482631683,
      0.020479999482631683,
      0.02051199972629547,
      0.020479999482631683,
      0.020479999482631683,
      0.020479999482631683,
      0.020479999482631683,
      0.021503999829292297,
      0.021503999829292297,
      0.020479999482631683,
      0.021503999829292297,
      0.020479999482631683,
      0.020479999482631683,
      0.021503999829292297,
      0.025599999353289604,
      0.021503999829292297,
      0.021503999829292297,
      0.020479999482631683,
      0.020479999482631683,
      0.020479999482631683,
      0.020479999482631683,
      0.021503999829292297,
      0.01945599913597107,
      0.020479999482631683,
      0.021503999829292297,
      0.021503999829292297,
      0.020479999482631683,
      0.01945599913597107,
      0.01945599913597107,
      0.021503999829292297,
      0.020479999482631683,
      0.020479999482631683
    ]
  },
  "triton_gpu_greedy": {
    "median_ms": 0.06860800087451935,
    "p10_ms": 0.0655359998345375,
    "p90_ms": 0.07782399654388428,
    "samples_ms": [
      0.0942080020904541,
      0.07680000364780426,
      0.09011200070381165,
      0.07782399654388428,
      0.07065600156784058,
      0.06963200122117996,
      0.06860800087451935,
      0.06758400052785873,
      0.06963200122117996,
      0.06963200122117996,
      0.06758400052785873,
      0.06656000018119812,
      0.06656000018119812,
      0.08191999793052673,
      0.0727040022611618,
      0.06758400052785873,
      0.06963200122117996,
      0.06656000018119812,
      0.0727040022611618,
      0.0655359998345375,
      0.06656000018119812,
      0.06758400052785873,
      0.06656000018119812,
      0.0655359998345375,
      0.09216000139713287,
      0.07577600330114365,
      0.06963200122117996,
      0.06758400052785873,
      0.06860800087451935,
      0.06656000018119812,
      0.06656000018119812,
      0.06656000018119812,
      0.0655359998345375,
      0.06451199948787689,
      0.0655359998345375,
      0.08499199897050858,
      0.07065600156784058,
      0.06860800087451935,
      0.07168000191450119,
      0.07065600156784058,
      0.06656000018119812,
      0.06860800087451935,
      0.06656000018119812,
      0.06451199948787689,
      0.0655359998345375,
      0.06451199948787689,
      0.08396799862384796,
      0.06860800087451935,
      0.06758400052785873,
      0.07577600330114365,
      0.0655359998345375,
      0.07680000364780426,
      0.06758400052785873,
      0.06860800087451935,
      0.06656000018119812,
      0.06860800087451935,
      0.07475200295448303,
      0.07475200295448303,
      0.06758400052785873,
      0.06758400052785873
    ]
  },
  "triton_gpu_greedy_preallocated": {
    "median_ms": 0.04915200173854828,
    "p10_ms": 0.04608000069856644,
    "p90_ms": 0.053247999399900436,
    "samples_ms": [
      0.05427199974656105,
      0.05119999870657921,
      0.04915200173854828,
      0.04915200173854828,
      0.050175998359918594,
      0.04915200173854828,
      0.050175998359918594,
      0.048128001391887665,
      0.04918399825692177,
      0.048128001391887665,
      0.04915200173854828,
      0.04710400104522705,
      0.048128001391887665,
      0.062463998794555664,
      0.053247999399900436,
      0.04915200173854828,
      0.04915200173854828,
      0.048128001391887665,
      0.048128001391887665,
      0.05939200147986412,
      0.05222399905323982,
      0.05119999870657921,
      0.050175998359918594,
      0.05222399905323982,
      0.04915200173854828,
      0.050175998359918594,
      0.05222399905323982,
      0.05427199974656105,
      0.048128001391887665,
      0.05119999870657921,
      0.048128001391887665,
      0.04710400104522705,
      0.048128001391887665,
      0.048128001391887665,
      0.048128001391887665,
      0.04608000069856644,
      0.04710400104522705,
      0.04608000069856644,
      0.05222399905323982,
      0.04505600035190582,
      0.04710400104522705,
      0.06860800087451935,
      0.050175998359918594,
      0.048128001391887665,
      0.04710400104522705,
      0.05119999870657921,
      0.04608000069856644,
      0.04608000069856644,
      0.04505600035190582,
      0.04608000069856644,
      0.04710400104522705,
      0.04608000069856644,
      0.048128001391887665,
      0.04915200173854828,
      0.048128001391887665,
      0.058368001133203506,
      0.053247999399900436,
      0.04915200173854828,
      0.04710400104522705,
      0.04608000069856644
    ]
  },
  "warmup": 80
}
