{
  "cpu_roundtrip_argmax": {
    "median_ms": 1.097468484658748,
    "p10_ms": 1.071269973181188,
    "p90_ms": 1.1755060404539108,
    "samples_ms": [
      1.101460075005889,
      1.1389110004529357,
      1.0748429922387004,
      1.1102480348199606,
      1.0916729224845767,
      1.071269973181188,
      1.0872819693759084,
      1.1474710190668702,
      1.18325708899647,
      1.095880987122655,
      1.0772099485620856,
      1.072683953680098,
      1.1192680103704333,
      1.0719809215515852,
      1.0704989545047283,
      1.176598947495222,
      1.072036917321384,
      1.1567689944058657,
      1.1145619209855795,
      1.115647959522903,
      1.1545279994606972,
      1.074890955351293,
      1.0709749767556787,
      1.089695026166737,
      1.0925820097327232,
      1.10708293505013,
      1.1387040140107274,
      1.1372680310159922,
      1.0777510469779372,
      1.1004710104316473,
      1.0707100154832006,
      1.0760510340332985,
      1.0828709928318858,
      1.1031640460714698,
      1.0896369349211454,
      1.1810240102931857,
      1.112137921154499,
      1.1112228967249393,
      1.1075889924541116,
      1.0719579877331853,
      1.077141030691564,
      1.1825499823316932,
      1.0905240196734667,
      1.0908270487561822,
      1.071220962330699,
      1.1352550936862826,
      1.076609012670815,
      1.099055982194841,
      1.0698429541662335,
      1.1755060404539108,
      1.1654499685391784,
      1.1524730361998081,
      1.0714560048654675,
      1.0707449400797486,
      1.1182510061189532,
      1.0780580341815948,
      1.1407610727474093,
      1.1556149693205953,
      1.1781490175053477,
      1.0896349558606744,
      1.082204980775714,
      1.1213410180062056,
      1.0710989590734243,
      1.1849369620904326,
      1.0746000334620476,
      1.1831619776785374,
      1.1547590838745236,
      1.0705660097301006,
      1.1438459623605013,
      1.1131369974464178,
      1.0884020011872053,
      1.0740519501268864,
      1.1920720571652055,
      1.1015760246664286,
      1.0943179950118065,
      1.072015962563455,
      1.0743719758465886,
      1.124551985412836,
      1.1416239431127906,
      1.0859040776267648
    ]
  },
  "hardware": "NVIDIA L20",
  "rounds": 80,
  "schema_version": 1,
  "shape": {
    "batch": 1,
    "dtype": "float16",
    "vocab": 151936
  },
  "speedups": {
    "triton_vs_cpu_roundtrip": 8.438949632554102,
    "triton_vs_torch_gpu_argmax": 0.15735728387690992
  },
  "torch_gpu_argmax": {
    "median_ms": 0.02046399936079979,
    "p10_ms": 0.01945599913597107,
    "p90_ms": 0.02252800017595291,
    "samples_ms": [
      0.02252800017595291,
      0.02252800017595291,
      0.020479999482631683,
      0.021503999829292297,
      0.020479999482631683,
      0.020479999482631683,
      0.01945599913597107,
      0.020479999482631683,
      0.020479999482631683,
      0.020479999482631683,
      0.020479999482631683,
      0.021503999829292297,
      0.01945599913597107,
      0.020447999238967896,
      0.018432000651955605,
      0.01945599913597107,
      0.01945599913597107,
      0.020479999482631683,
      0.025599999353289604,
      0.021503999829292297,
      0.01945599913597107,
      0.020479999482631683,
      0.01945599913597107,
      0.020479999482631683,
      0.01945599913597107,
      0.01945599913597107,
      0.01945599913597107,
      0.020479999482631683,
      0.01945599913597107,
      0.020479999482631683,
      0.01945599913597107,
      0.01945599913597107,
      0.01945599913597107,
      0.01945599913597107,
      0.01945599913597107,
      0.020479999482631683,
      0.01945599913597107,
      0.020479999482631683,
      0.01945599913597107,
      0.020479999482631683,
      0.01945599913597107,
      0.01945599913597107,
      0.01945599913597107,
      0.053247999399900436,
      0.030719999223947525,
      0.026623999699950218,
      0.020479999482631683,
      0.020479999482631683,
      0.01945599913597107,
      0.020479999482631683,
      0.020479999482631683,
      0.02252800017595291,
      0.020479999482631683,
      0.020479999482631683,
      0.01945599913597107,
      0.01945599913597107,
      0.020479999482631683,
      0.020479999482631683,
      0.01945599913597107,
      0.01945599913597107,
      0.01945599913597107,
      0.020479999482631683,
      0.01945599913597107,
      0.01945599913597107,
      0.020479999482631683,
      0.02252800017595291,
      0.020479999482631683,
      0.04198399931192398,
      0.021503999829292297,
      0.018432000651955605,
      0.01945599913597107,
      0.01945599913597107,
      0.018432000651955605,
      0.01945599913597107,
      0.020479999482631683,
      0.01945599913597107,
      0.01945599913597107,
      0.01945599913597107,
      0.01945599913597107,
      0.01945599913597107
    ]
  },
  "triton_gpu_greedy": {
    "median_ms": 0.1300479955971241,
    "p10_ms": 0.058368001133203506,
    "p90_ms": 0.16486400365829468,
    "samples_ms": [
      0.18534399569034576,
      0.158720001578331,
      0.15052799880504608,
      0.16896000504493713,
      0.14847999811172485,
      0.1515520066022873,
      0.14745600521564484,
      0.16179199516773224,
      0.1812479943037033,
      0.14950400590896606,
      0.1454080045223236,
      0.14131200313568115,
      0.16486400365829468,
      0.15564799308776855,
      0.14745600521564484,
      0.14233599603176117,
      0.14131200313568115,
      0.16896000504493713,
      0.1525759994983673,
      0.1443839967250824,
      0.13926400244235992,
      0.13926400244235992,
      0.16076800227165222,
      0.16896000504493713,
      0.14745600521564484,
      0.14643199741840363,
      0.14131200313568115,
      0.1802240014076233,
      0.15360000729560852,
      0.1443839967250824,
      0.14233599603176117,
      0.14131200313568115,
      0.1740799993276596,
      0.15360000729560852,
      0.14847999811172485,
      0.1382399946451187,
      0.14131200313568115,
      0.17100800573825836,
      0.16281600296497345,
      0.14745600521564484,
      0.12185599654912949,
      0.08191999793052673,
      0.0655359998345375,
      0.05939200147986412,
      0.07680000364780426,
      0.08089599758386612,
      0.062463998794555664,
      0.060416001826524734,
      0.06143999844789505,
      0.05939200147986412,
      0.060416001826524734,
      0.060416001826524734,
      0.058368001133203506,
      0.05939200147986412,
      0.058368001133203506,
      0.05734400078654289,
      0.07782399654388428,
      0.062463998794555664,
      0.06143999844789505,
      0.06143999844789505,
      0.060416001826524734,
      0.058368001133203506,
      0.05939200147986412,
      0.058368001133203506,
      0.058368001133203506,
      0.05734400078654289,
      0.05734400078654289,
      0.058368001133203506,
      0.0727040022611618,
      0.08089599758386612,
      0.0655359998345375,
      0.06143999844789505,
      0.05939200147986412,
      0.058368001133203506,
      0.06143999844789505,
      0.05939200147986412,
      0.06143999844789505,
      0.05939200147986412,
      0.05939200147986412,
      0.05939200147986412
    ]
  },
  "warmup": 20
}
