{
  "cpu_roundtrip_argmax": {
    "median_ms": 1.0930135031230748,
    "p10_ms": 1.070552971214056,
    "p90_ms": 1.1456720530986786,
    "samples_ms": [
      1.1456720530986786,
      1.0909310076385736,
      1.0769609361886978,
      1.1168300407007337,
      1.1669429950416088,
      1.1306150117889047,
      1.1402999516576529,
      1.1260940227657557,
      1.1501850094646215,
      1.0865849908441305,
      1.0717370314523578,
      1.1189490323886275,
      1.0813850676640868,
      1.0794959962368011,
      1.1370161082595587,
      1.1191600933670998,
      1.1047149309888482,
      1.1087420862168074,
      1.1588380439206958,
      1.1768370168283582,
      1.0739238932728767,
      1.070552971214056,
      1.0830650571733713,
      1.1220909655094147,
      1.0702389990910888,
      1.110656070522964,
      1.070484984666109,
      1.1014050105586648,
      1.1040599783882499,
      1.0705629829317331,
      1.0878699831664562,
      1.1107389582321048,
      1.1288649402558804,
      1.1030839523300529,
      1.0704119922593236,
      1.0700069833546877,
      1.0861239861696959,
      1.0708579793572426,
      1.1862500105053186,
      1.071426086127758,
      1.0766760678961873,
      1.1394129833206534,
      1.1176069965586066,
      1.1070360196754336,
      1.1129349004477262,
      1.0700359707698226,
      1.0736859403550625,
      1.0808139340952039,
      1.0701690334826708,
      1.0835089487954974,
      1.1388000566512346,
      1.087934011593461,
      1.08532200101763,
      1.095095998607576,
      1.0848320089280605,
      1.0709420312196016,
      1.0744460159912705,
      1.1543759610503912,
      1.090280944481492,
      1.1112700449302793
    ]
  },
  "hardware": "NVIDIA L20",
  "launch": {
    "block_vocab": 1024,
    "blocks_per_row": 149,
    "num_stages": 1,
    "num_warps": 4,
    "strategy": "two_stage_block_argmax"
  },
  "rounds": 60,
  "schema_version": 1,
  "shape": {
    "batch": 1,
    "dtype": "float16",
    "vocab": 151936
  },
  "speedups": {
    "triton_preallocated_vs_cpu_roundtrip": 23.451198931920416,
    "triton_preallocated_vs_torch_gpu_argmax": 0.4174390388162964,
    "triton_vs_cpu_roundtrip": 16.421476865197327,
    "triton_vs_torch_gpu_argmax": 0.2923076785307312
  },
  "torch_gpu_argmax": {
    "median_ms": 0.01945599913597107,
    "p10_ms": 0.01945599913597107,
    "p90_ms": 0.021503999829292297,
    "samples_ms": [
      0.021503999829292297,
      0.01945599913597107,
      0.01945599913597107,
      0.020479999482631683,
      0.01945599913597107,
      0.020479999482631683,
      0.01945599913597107,
      0.01945599913597107,
      0.01945599913597107,
      0.01945599913597107,
      0.025599999353289604,
      0.020479999482631683,
      0.01945599913597107,
      0.020479999482631683,
      0.01945599913597107,
      0.020479999482631683,
      0.01945599913597107,
      0.01945599913597107,
      0.02969600073993206,
      0.02457600086927414,
      0.01945599913597107,
      0.01945599913597107,
      0.020479999482631683,
      0.01945599913597107,
      0.01945599913597107,
      0.018432000651955605,
      0.01945599913597107,
      0.01945599913597107,
      0.018432000651955605,
      0.01945599913597107,
      0.01945599913597107,
      0.018464000895619392,
      0.01945599913597107,
      0.01945599913597107,
      0.01945599913597107,
      0.03276799991726875,
      0.021503999829292297,
      0.01945599913597107,
      0.01945599913597107,
      0.020479999482631683,
      0.020479999482631683,
      0.01945599913597107,
      0.01945599913597107,
      0.01945599913597107,
      0.02457600086927414,
      0.020479999482631683,
      0.01945599913597107,
      0.01945599913597107,
      0.01945599913597107,
      0.018432000651955605,
      0.01945599913597107,
      0.020479999482631683,
      0.020479999482631683,
      0.020479999482631683,
      0.01945599913597107,
      0.020447999238967896,
      0.01945599913597107,
      0.01945599913597107,
      0.018432000651955605,
      0.020479999482631683
    ]
  },
  "triton_gpu_greedy": {
    "median_ms": 0.06656000018119812,
    "p10_ms": 0.06348799914121628,
    "p90_ms": 0.07475200295448303,
    "samples_ms": [
      0.08191999793052673,
      0.07372800260782242,
      0.06860800087451935,
      0.06758400052785873,
      0.06656000018119812,
      0.06656000018119812,
      0.06656000018119812,
      0.07372800260782242,
      0.06963200122117996,
      0.06758400052785873,
      0.08396799862384796,
      0.06758400052785873,
      0.06348799914121628,
      0.0655359998345375,
      0.06348799914121628,
      0.06656000018119812,
      0.06348799914121628,
      0.06451199948787689,
      0.07782399654388428,
      0.06758400052785873,
      0.06451199948787689,
      0.0798719972372055,
      0.07168000191450119,
      0.06758400052785873,
      0.06860800087451935,
      0.06656000018119812,
      0.0655359998345375,
      0.06451199948787689,
      0.0737600028514862,
      0.07372800260782242,
      0.06758400052785873,
      0.06656000018119812,
      0.06348799914121628,
      0.06758400052785873,
      0.0655359998345375,
      0.06348799914121628,
      0.0655359998345375,
      0.06656000018119812,
      0.06656000018119812,
      0.06758400052785873,
      0.07475200295448303,
      0.06656000018119812,
      0.0655680000782013,
      0.06451199948787689,
      0.06656000018119812,
      0.06451199948787689,
      0.06451199948787689,
      0.06451199948787689,
      0.06348799914121628,
      0.06348799914121628,
      0.06348799914121628,
      0.07884799689054489,
      0.07168000191450119,
      0.06758400052785873,
      0.06550399959087372,
      0.07577600330114365,
      0.06860800087451935,
      0.06451199948787689,
      0.0655359998345375,
      0.06451199948787689
    ]
  },
  "triton_gpu_greedy_preallocated": {
    "median_ms": 0.04660800099372864,
    "p10_ms": 0.04505600035190582,
    "p90_ms": 0.05222399905323982,
    "samples_ms": [
      0.05222399905323982,
      0.05119999870657921,
      0.04608000069856644,
      0.04608000069856644,
      0.04710400104522705,
      0.04710400104522705,
      0.15564799308776855,
      0.058368001133203506,
      0.05119999870657921,
      0.048128001391887665,
      0.04710400104522705,
      0.04608000069856644,
      0.04608000069856644,
      0.04505600035190582,
      0.04710400104522705,
      0.048128001391887665,
      0.04608000069856644,
      0.04608000069856644,
      0.043007999658584595,
      0.04505600035190582,
      0.04505600035190582,
      0.06143999844789505,
      0.048128001391887665,
      0.046112000942230225,
      0.04505600035190582,
      0.05119999870657921,
      0.04505600035190582,
      0.04608000069856644,
      0.04403200000524521,
      0.04710400104522705,
      0.04608000069856644,
      0.04915200173854828,
      0.04403200000524521,
      0.04710400104522705,
      0.04710400104522705,
      0.04505600035190582,
      0.07065600156784058,
      0.04915200173854828,
      0.04710400104522705,
      0.04710400104522705,
      0.05119999870657921,
      0.04710400104522705,
      0.04608000069856644,
      0.04505600035190582,
      0.04505600035190582,
      0.04505600035190582,
      0.043007999658584595,
      0.04608000069856644,
      0.04403200000524521,
      0.04608000069856644,
      0.06143999844789505,
      0.053247999399900436,
      0.04710400104522705,
      0.048128001391887665,
      0.04710400104522705,
      0.04505600035190582,
      0.04505600035190582,
      0.04505600035190582,
      0.04710400104522705,
      0.04608000069856644
    ]
  },
  "warmup": 80
}
