{
  "cpu_roundtrip_argmax": {
    "median_ms": 2.8967689140699804,
    "p10_ms": 2.827913034707308,
    "p90_ms": 2.935545053333044,
    "samples_ms": [
      2.8967339312657714,
      2.9047209536656737,
      2.9076799983158708,
      2.932437928393483,
      2.895560930483043,
      2.9556250665336847,
      2.940146019682288,
      2.9348389944061637,
      2.9155249940231442,
      2.9361069900915027,
      2.827913034707308,
      2.889143070206046,
      2.875350066460669,
      2.8829280054196715,
      2.9117478989064693,
      2.9149269685149193,
      2.8607859276235104,
      2.8664510464295745,
      2.901748986914754,
      2.909708069637418,
      2.840645960532129,
      2.895680023357272,
      2.823461079970002,
      2.8564080130308867,
      2.9088640585541725,
      2.9294861014932394,
      2.867445000447333,
      2.8966000536456704,
      2.9303960036486387,
      2.9563260031864047,
      2.9419290367513895,
      2.9098079539835453,
      2.9096290236338973,
      2.965530031360686,
      2.927077002823353,
      2.849373035132885,
      2.8353800298646092,
      2.8548609698191285,
      2.856837003491819,
      2.812343998812139,
      2.8218990191817284,
      2.935545053333044,
      2.883019973523915,
      2.915549906902015,
      2.9278580332174897,
      2.8524029767140746,
      2.8149100253358483,
      2.8695620130747557,
      2.8763210866600275,
      2.9002870433032513,
      2.8687329031527042,
      2.90504505392164,
      2.9259490547701716,
      2.9136709636077285,
      2.8968038968741894,
      2.81910493504256,
      2.92416091542691,
      2.8144869720563293,
      2.859239000827074,
      2.913934993557632,
      2.863349043764174,
      2.8960179770365357,
      2.906615030951798,
      2.9013740131631494,
      2.9138369718566537,
      2.9101850232109427,
      2.949591027572751,
      2.9256700072437525,
      2.841021050699055,
      2.8239680686965585,
      2.8153869789093733,
      2.869974938221276,
      2.959851990453899,
      2.854171907529235,
      2.867784001864493,
      2.880909014493227,
      2.8908199165016413,
      2.9180659912526608,
      2.850916003808379,
      2.901629079133272
    ]
  },
  "hardware": "NVIDIA L20",
  "launch": {
    "block_vocab": 1024,
    "blocks_per_row": 149,
    "num_stages": 1,
    "num_warps": 4,
    "strategy": "two_stage_block_argmax"
  },
  "rounds": 80,
  "schema_version": 1,
  "shape": {
    "batch": 16,
    "dtype": "float16",
    "vocab": 151936
  },
  "speedups": {
    "triton_preallocated_vs_cpu_roundtrip": 62.86390777246884,
    "triton_preallocated_vs_torch_gpu_argmax": 0.44444442647911725,
    "triton_vs_cpu_roundtrip": 43.18894469761259,
    "triton_vs_torch_gpu_argmax": 0.3053435021227745
  },
  "torch_gpu_argmax": {
    "median_ms": 0.020479999482631683,
    "p10_ms": 0.01945599913597107,
    "p90_ms": 0.021503999829292297,
    "samples_ms": [
      0.02252800017595291,
      0.02252800017595291,
      0.020479999482631683,
      0.020479999482631683,
      0.020479999482631683,
      0.020479999482631683,
      0.04198399931192398,
      0.023552000522613525,
      0.020479999482631683,
      0.020479999482631683,
      0.020479999482631683,
      0.020479999482631683,
      0.020479999482631683,
      0.020479999482631683,
      0.020479999482631683,
      0.020479999482631683,
      0.019487999379634857,
      0.01945599913597107,
      0.01945599913597107,
      0.020479999482631683,
      0.020479999482631683,
      0.020479999482631683,
      0.020479999482631683,
      0.020479999482631683,
      0.01945599913597107,
      0.01945599913597107,
      0.020479999482631683,
      0.020479999482631683,
      0.020479999482631683,
      0.020479999482631683,
      0.01945599913597107,
      0.03276799991726875,
      0.02252800017595291,
      0.021503999829292297,
      0.021503999829292297,
      0.020479999482631683,
      0.020479999482631683,
      0.020479999482631683,
      0.020479999482631683,
      0.020479999482631683,
      0.020479999482631683,
      0.020479999482631683,
      0.020479999482631683,
      0.020479999482631683,
      0.020479999482631683,
      0.021503999829292297,
      0.020479999482631683,
      0.020479999482631683,
      0.020479999482631683,
      0.020479999482631683,
      0.020479999482631683,
      0.02147199958562851,
      0.021503999829292297,
      0.020479999482631683,
      0.020479999482631683,
      0.01945599913597107,
      0.028672000393271446,
      0.020479999482631683,
      0.020479999482631683,
      0.01945599913597107,
      0.01945599913597107,
      0.020479999482631683,
      0.020479999482631683,
      0.020479999482631683,
      0.020479999482631683,
      0.020479999482631683,
      0.020479999482631683,
      0.020479999482631683,
      0.020479999482631683,
      0.020479999482631683,
      0.01945599913597107,
      0.020479999482631683,
      0.020479999482631683,
      0.020479999482631683,
      0.01945599913597107,
      0.020479999482631683,
      0.020479999482631683,
      0.021503999829292297,
      0.020479999482631683,
      0.021503999829292297
    ]
  },
  "triton_gpu_greedy": {
    "median_ms": 0.06707200035452843,
    "p10_ms": 0.06451199948787689,
    "p90_ms": 0.07577600330114365,
    "samples_ms": [
      0.08191999793052673,
      0.07475200295448303,
      0.06963200122117996,
      0.06860800087451935,
      0.06860800087451935,
      0.08396799862384796,
      0.08089599758386612,
      0.07065600156784058,
      0.06758400052785873,
      0.06860800087451935,
      0.06963200122117996,
      0.0655359998345375,
      0.0655359998345375,
      0.06758400052785873,
      0.06758400052785873,
      0.06758400052785873,
      0.0798719972372055,
      0.07372800260782242,
      0.07168000191450119,
      0.07065600156784058,
      0.06758400052785873,
      0.06451199948787689,
      0.06860800087451935,
      0.06348799914121628,
      0.06451199948787689,
      0.06451199948787689,
      0.0655359998345375,
      0.06963200122117996,
      0.07475200295448303,
      0.06860800087451935,
      0.06758400052785873,
      0.0655359998345375,
      0.06451199948787689,
      0.06758400052785873,
      0.06451199948787689,
      0.06656000018119812,
      0.06656000018119812,
      0.0655359998345375,
      0.07577600330114365,
      0.07680000364780426,
      0.06860800087451935,
      0.06656000018119812,
      0.06758400052785873,
      0.06454399973154068,
      0.0655359998345375,
      0.06656000018119812,
      0.06451199948787689,
      0.0655359998345375,
      0.062463998794555664,
      0.06348799914121628,
      0.08294399827718735,
      0.06860800087451935,
      0.06758400052785873,
      0.06656000018119812,
      0.0655359998345375,
      0.0655359998345375,
      0.0655359998345375,
      0.06656000018119812,
      0.06451199948787689,
      0.06348799914121628,
      0.06348799914121628,
      0.07884799689054489,
      0.07065600156784058,
      0.06656000018119812,
      0.0655359998345375,
      0.06656000018119812,
      0.06451199948787689,
      0.06451199948787689,
      0.06451199948787689,
      0.06451199948787689,
      0.06348799914121628,
      0.062463998794555664,
      0.09011200070381165,
      0.07372800260782242,
      0.06860800087451935,
      0.06656000018119812,
      0.06758400052785873,
      0.06963200122117996,
      0.06656000018119812,
      0.06860800087451935
    ]
  },
  "triton_gpu_greedy_preallocated": {
    "median_ms": 0.04608000069856644,
    "p10_ms": 0.04403200000524521,
    "p90_ms": 0.05222399905323982,