{
  "cpu_roundtrip_argmax": {
    "median_ms": 10.932478995528072,
    "p10_ms": 10.829946957528591,
    "p90_ms": 11.005035950802267,
    "samples_ms": [
      10.864110081456602,
      10.842799092642963,
      10.797903989441693,
      10.833656997419894,
      10.856201057322323,
      10.914530023001134,
      10.990799986757338,
      10.967334965243936,
      10.940953041426837,
      10.946977068670094,
      10.910779936239123,
      10.976700927130878,
      10.84861799608916,
      10.87848690804094,
      10.93686802778393,
      10.835566907189786,
      10.964970104396343,
      10.76452003326267,
      10.906002949923277,
      10.816049994900823,
      10.919829015620053,
      10.86217607371509,
      10.880240937694907,
      10.962527943775058,
      11.040895013138652,
      11.050150962546468,
      10.97518706228584,
      10.936827980913222,
      10.897905100136995,
      10.948649025522172,
      10.961327003315091,
      10.933335055597126,
      10.955307981930673,
      11.005035950802267,
      10.748783010058105,
      10.907865012995899,
      10.90317196212709,
      10.75945096090436,
      10.887189069762826,
      10.829946957528591,
      10.843090945854783,
      10.893792961724102,
      10.946566006168723,
      10.88897604495287,
      10.927448980510235,
      10.923895053565502,
      10.899288929067552,
      11.015005991794169,
      11.058207950554788,
      10.940658976323903,
      10.964624001644552,
      10.945387999527156,
      10.958902072161436,
      10.978885926306248,
      10.892919031903148,
      10.958408005535603,
      10.858147987164557,
      10.924374917522073,
      10.696834069676697,
      10.696092038415372,
      10.852689039893448,
      11.030741035938263,
      10.926376096904278,
      10.931426077149808,
      10.981247061863542,
      10.89205697644502,
      10.931622935459018,
      10.97362395375967,
      10.97123697400093,
      11.121907969936728,
      10.958215105347335,
      10.82267495803535,
      10.954578989185393,
      10.99487696774304,
      11.07017497997731,
      10.952498996630311,
      11.016106931492686,
      10.959075996652246,
      10.936984093859792,
      10.989287053234875
    ]
  },
  "hardware": "NVIDIA L20",
  "launch": {
    "block_vocab": 1024,
    "blocks_per_row": 149,
    "num_stages": 1,
    "num_warps": 4,
    "strategy": "two_stage_block_argmax"
  },
  "rounds": 80,
  "schema_version": 1,
  "shape": {
    "batch": 64,
    "dtype": "float16",
    "vocab": 151936
  },
  "speedups": {
    "triton_preallocated_vs_cpu_roundtrip": 232.0923648297141,
    "triton_preallocated_vs_torch_gpu_argmax": 0.6304347843279673,
    "triton_vs_cpu_roundtrip": 161.76134751037128,
    "triton_vs_torch_gpu_argmax": 0.4393939469104245
  },
  "torch_gpu_argmax": {
    "median_ms": 0.02969600073993206,
    "p10_ms": 0.02969600073993206,
    "p90_ms": 0.030719999223947525,
    "samples_ms": [
      0.03481600061058998,
      0.02969600073993206,
      0.029759999364614487,
      0.02969600073993206,
      0.030719999223947525,
      0.02969600073993206,
      0.02969600073993206,
      0.028704000636935234,
      0.02969600073993206,
      0.02969600073993206,
      0.02969600073993206,
      0.03379200026392937,
      0.02969600073993206,
      0.02969600073993206,
      0.02969600073993206,
      0.02969600073993206,
      0.02969600073993206,
      0.02969600073993206,
      0.02969600073993206,
      0.028672000393271446,
      0.02969600073993206,
      0.02969600073993206,
      0.02969600073993206,
      0.02969600073993206,
      0.02969600073993206,
      0.02969600073993206,
      0.02969600073993206,
      0.02969600073993206,
      0.035840000957250595,
      0.030719999223947525,
      0.028672000393271446,
      0.03379200026392937,
      0.02969600073993206,
      0.02969600073993206,
      0.02969600073993206,
      0.02969600073993206,
      0.02969600073993206,
      0.02969600073993206,
      0.02969600073993206,
      0.02969600073993206,
      0.02969600073993206,
      0.02969600073993206,
      0.02969600073993206,
      0.030719999223947525,
      0.02969600073993206,
      0.02969600073993206,
      0.02969600073993206,
      0.030719999223947525,
      0.02969600073993206,
      0.028672000393271446,
      0.02969600073993206,
      0.035840000957250595,
      0.03276799991726875,
      0.02969600073993206,
      0.02969600073993206,
      0.02969600073993206,
      0.02969600073993206,
      0.030719999223947525,
      0.02969600073993206,
      0.02969600073993206,
      0.02969600073993206,
      0.028672000393271446,
      0.02969600073993206,
      0.030719999223947525,
      0.028672000393271446,
      0.02969600073993206,
      0.028672000393271446,
      0.030719999223947525,
      0.02969600073993206,
      0.02969600073993206,
      0.02969600073993206,
      0.02969600073993206,
      0.03379200026392937,
      0.02969600073993206,
      0.02969600073993206,
      0.02969600073993206,
      0.02969600073993206,
      0.02969600073993206,
      0.02969600073993206,
      0.02969600073993206
    ]
  },
  "triton_gpu_greedy": {
    "median_ms": 0.06758400052785873,
    "p10_ms": 0.06451199948787689,
    "p90_ms": 0.07884799689054489,
    "samples_ms": [
      0.0870399996638298,
      0.08601599931716919,
      0.07168000191450119,
      0.07168000191450119,
      0.06963200122117996,
      0.06963200122117996,
      0.07065600156784058,
      0.06963200122117996,
      0.06656000018119812,
      0.07884799689054489,
      0.07475200295448303,
      0.07884799689054489,
      0.07065600156784058,
      0.06860800087451935,
      0.06860800087451935,
      0.06758400052785873,
      0.06656000018119812,
      0.06656000018119812,
      0.07065600156784058,
      0.07168000191450119,
      0.06656000018119812,
      0.06656000018119812,
      0.07884799689054489,
      0.06758400052785873,
      0.06656000018119812,
      0.06451199948787689,
      0.0655359998345375,
      0.0655359998345375,
      0.06758400052785873,
      0.06348799914121628,
      0.06348799914121628,
      0.06451199948787689,
      0.06348799914121628,
      0.08294399827718735,
      0.07065600156784058,
      0.06758400052785873,
      0.06656000018119812,
      0.06656000018119812,
      0.07065600156784058,
      0.06860800087451935,
      0.06656000018119812,
      0.06451199948787689,
      0.06656000018119812,
      0.06348799914121628,
      0.08499199897050858,
      0.06963200122117996,
      0.0655359998345375,
      0.06656000018119812,
      0.0655359998345375,
      0.06656000018119812,
      0.0655359998345375,
      0.06656000018119812,
      0.06451199948787689,
      0.07782399654388428,
      0.0727040022611618,
      0.07884799689054489,
      0.07065600156784058,
      0.06963200122117996,
      0.06758400052785873,
      0.06656000018119812,
      0.06758400052785873,
      0.0655359998345375,
      0.06860800087451935,
      0.06656000018119812,
      0.06860800087451935,
      0.0655680000782013,
      0.07680000364780426,
      0.07065600156784058,
      0.06758400052785873,
      0.06656000018119812,
      0.06451199948787689,
      0.06656000018119812,
      0.06451199948787689,
      0.0655359998345375,
      0.06656000018119812,
      0.06451199948787689,
      0.06656000018119812,
      0.08499199897050858,
      0.07065600156784058,
      0.06860800087451935
    ]
  },
  "triton_gpu_greedy_preallocated": {
    "median_ms": 0.04710400104522705,
    "p10_ms": 0.04608000069856644,
    "p90_ms": 0.05427199974656105,