{
  "cpu_roundtrip_topk_softmax_multinomial": {
    "median_ms": 5.2542799967341125,
    "p10_ms": 5.180473905056715,
    "p90_ms": 5.3587500005960464,
    "samples_ms": [
      5.173863028176129,
      5.2204659441486,
      5.266365013085306,
      5.201612017117441,
      5.314351059496403,
      5.224153050221503,
      5.186878959648311,
      5.339207942597568,
      5.210545961745083,
      5.344053963199258,
      5.252629984170198,
      5.381450057029724,
      5.265376064926386,
      5.394231993705034,
      5.261773942038417,
      5.389902973547578,
      5.250351969152689,
      5.3264249581843615,
      5.255930009298027,
      5.215762997977436,
      5.271014990285039,
      5.169690935872495,
      5.3036940516904,
      5.225908942520618,
      5.280239973217249,
      5.194518016651273,
      5.258284974843264,
      5.20663196220994,
      5.265482934191823,
      5.180473905056715,
      5.337694077752531,
      5.210606032051146,
      5.310329026542604,
      5.203297012485564,
      5.213548080064356,
      5.312139051966369,
      5.168540985323489,
      5.2575679728761315,
      5.160225904546678,
      5.32219500746578,
      5.195540026761591,
      5.303328041918576,
      5.173188983462751,
      5.265408894047141,
      5.18557196483016,
      5.249577923677862,
      5.333042005077004,
      5.2048449870198965,
      5.32106205355376,
      5.240491940639913,
      5.274815019220114,
      5.16499497462064,
      5.3936869371682405,
      5.205766996368766,
      5.346991936676204,
      5.249363020993769,
      5.399021087214351,
      5.277015035971999,
      5.435865023173392,
      5.212589981965721,
      5.3587500005960464,
      5.277658929117024,
      5.307339015416801,
      5.249398993328214,
      5.200857063755393,
      5.369230988435447,
      5.251771071925759,
      5.36690594162792,
      5.211782990954816,
      5.331811960786581,
      5.233415053226054,
      5.303959012962878,
      5.1829839358106256,
      5.349704064428806,
      5.212362972088158,
      5.331535940058529,
      5.2089879754930735,
      5.18813100643456,
      4.780564922839403,
      2.036302932538092
    ]
  },
  "gpu_argmax": {
    "median_ms": 0.021503999829292297,
    "p10_ms": 0.020479999482631683,
    "p90_ms": 0.02457600086927414,
    "samples_ms": [
      0.03993599861860275,
      0.025599999353289604,
      0.02252800017595291,
      0.021503999829292297,
      0.02252800017595291,
      0.021503999829292297,
      0.021503999829292297,
      0.020479999482631683,
      0.021503999829292297,
      0.022495999932289124,
      0.021503999829292297,
      0.020479999482631683,
      0.02147199958562851,
      0.020479999482631683,
      0.021503999829292297,
      0.020479999482631683,
      0.021503999829292297,
      0.020479999482631683,
      0.021503999829292297,
      0.021503999829292297,
      0.021503999829292297,
      0.026623999699950218,
      0.021503999829292297,
      0.020479999482631683,
      0.021503999829292297,
      0.021503999829292297,
      0.02252800017595291,
      0.021503999829292297,
      0.02252800017595291,
      0.021503999829292297,
      0.021503999829292297,
      0.021503999829292297,
      0.023552000522613525,
      0.021503999829292297,
      0.02252800017595291,
      0.021503999829292297,
      0.02252800017595291,
      0.021503999829292297,
      0.02252800017595291,
      0.021503999829292297,
      0.02252800017595291,
      0.021503999829292297,
      0.02252800017595291,
      0.020479999482631683,
      0.03686400130391121,
      0.026623999699950218,
      0.02252800017595291,
      0.02252800017595291,
      0.02252800017595291,
      0.021503999829292297,
      0.021503999829292297,
      0.020479999482631683,
      0.021503999829292297,
      0.020479999482631683,
      0.021503999829292297,
      0.021503999829292297,
      0.020479999482631683,
      0.020479999482631683,
      0.020479999482631683,
      0.020479999482631683,
      0.021503999829292297,
      0.020479999482631683,
      0.020479999482631683,
      0.021503999829292297,
      0.020479999482631683,
      0.020479999482631683,
      0.021503999829292297,
      0.020479999482631683,
      0.020479999482631683,
      0.02457600086927414,
      0.021503999829292297,
      0.026623999699950218,
      0.020479999482631683,
      0.020479999482631683,
      0.021503999829292297,
      0.021503999829292297,
      0.021503999829292297,
      0.03174399957060814,
      0.025599999353289604,
      0.021503999829292297
    ]
  },
  "gpu_topk_softmax_multinomial": {
    "median_ms": 0.2165760025382042,
    "p10_ms": 0.20684799551963806,
    "p90_ms": 0.23654399812221527,
    "samples_ms": [
      0.24371199309825897,
      0.22323200106620789,
      0.21401600539684296,
      0.24063999950885773,
      0.2385919988155365,
      0.2303999960422516,
      0.2181120067834854,
      0.2385919988155365,
      0.2170879989862442,
      0.21196800470352173,
      0.2099200040102005,
      0.23449599742889404,
      0.2170879989862442,
      0.21094399690628052,
      0.21094399690628052,
      0.23244799673557281,
      0.2181120067834854,
      0.23654399812221527,
      0.22732800245285034,
      0.23756800591945648,
      0.21913599967956543,
      0.21094399690628052,
      0.21503999829292297,
      0.22937600314617157,
      0.21503999829292297,
      0.21606400609016418,
      0.2099200040102005,
      0.22323200106620789,
      0.22323200106620789,
      0.23654399812221527,
      0.2181120067834854,
      0.22835199534893036,
      0.22630399465560913,
      0.21606400609016418,
      0.2088959962129593,
      0.21196800470352173,
      0.22937600314617157,
      0.21299199759960175,
      0.21094399690628052,
      0.21503999829292297,
      0.23654399812221527,
      0.23756800591945648,
      0.2181120067834854,
      0.2099200040102005,
      0.24063999950885773,
      0.2088959962129593,
      0.20684799551963806,
      0.20582400262355804,
      0.23244799673557281,
      0.21094399690628052,
      0.20787200331687927,
      0.20479999482631683,
      0.22835199534893036,
      0.21401600539684296,
      0.22732800245285034,
      0.21094399690628052,
      0.22937600314617157,
      0.21503999829292297,
      0.20582400262355804,
      0.20582400262355804,
      0.2170879989862442,
      0.22220799326896667,
      0.20787200331687927,
      0.20479999482631683,
      0.21094399690628052,
      0.2314240038394928,
      0.23244799673557281,
      0.21503999829292297,
      0.20684799551963806,
      0.2314240038394928,
      0.2088959962129593,
      0.20582400262355804,
      0.20684799551963806,
      0.23449599742889404,
      0.21094399690628052,
      0.2027519941329956,
      0.2088959962129593,
      0.22630399465560913,
      0.21299199759960175,
      0.2314240038394928
    ]
  },
  "hardware": "NVIDIA L20",
  "ratios": {
    "cpu_roundtrip_pipeline_vs_gpu_pipeline": 24.260674936999326,
    "gpu_sampling_pipeline_vs_gpu_argmax": 10.071428769413814
  },
  "schema_version": 1,
  "shape": {
    "batch": 16,
    "dtype": "float16",
    "temperature": 0.8,
    "top_k": 50,
    "vocab": 151936
  }
}
