{
  "cpu_roundtrip_topk_softmax_multinomial": {
    "median_ms": 0.6628454430028796,
    "p10_ms": 0.6175959715619683,
    "p90_ms": 0.6744409911334515,
    "samples_ms": [
      0.672877999022603,
      0.6666260305792093,
      0.6558450404554605,
      0.6653760792687535,
      0.6265429547056556,
      0.6789659382775426,
      0.672460999339819,
      0.6661859806627035,
      0.6157340249046683,
      0.6628949195146561,
      0.6800659466534853,
      0.6309050368145108,
      0.6630670977756381,
      0.6661999505013227,
      0.6650959840044379,
      0.6568519165739417,
      0.6627959664911032,
      0.6175959715619683,
      0.6883299211040139,
      0.6702360697090626,
      0.6321179680526257,
      0.640474958345294,
      0.6639370694756508,
      0.6820240523666143,
      0.6240298971533775,
      0.6617960752919316,
      0.6706580752506852,
      0.665782019495964,
      0.6672119488939643,
      0.6634689634665847,
      0.6154270377010107,
      0.6717670476064086,
      0.6652820156887174,
      0.616049044765532,
      0.6577880121767521,
      0.6655999459326267,
      0.6644779350608587,
      0.6463360041379929,
      0.6619930500164628,
      0.6307369330897927,
      0.6836260436102748,
      0.66815793979913,
      0.662751030176878,
      0.607701949775219,
      0.6607449613511562,
      0.6712400354444981,
      0.6184839876368642,
      0.6587388925254345,
      0.6622069049626589,
      0.6650380091741681,
      0.6536110304296017,
      0.6630889838561416,
      0.6160370539873838,
      0.673130969516933,
      0.6621479988098145,
      0.6259089568629861,
      0.6540260510519147,
      0.6631140131503344,
      0.6763490382581949,
      0.6416869582608342,
      0.6600129418075085,
      0.6441230652853847,
      0.6668880814686418,
      0.6655280012637377,
      0.6646239198744297,
      0.6089699454605579,
      0.6677979836240411,
      0.6744409911334515,
      0.6170819979161024,
      0.6689159199595451,
      0.6586730014532804,
      0.6626970134675503,
      0.6558110471814871,
      0.6623349618166685,
      0.6146179512143135,
      0.6836139364168048,
      0.7010120898485184,
      0.6299590459093451,
      0.6541600450873375,
      0.6665840046480298
    ]
  },
  "gpu_argmax": {
    "median_ms": 0.020479999482631683,
    "p10_ms": 0.01945599913597107,
    "p90_ms": 0.023552000522613525,
    "samples_ms": [
      0.035840000957250595,
      0.023552000522613525,
      0.021503999829292297,
      0.020479999482631683,
      0.021503999829292297,
      0.020479999482631683,
      0.02252800017595291,
      0.020479999482631683,
      0.02252800017595291,
      0.021503999829292297,
      0.020479999482631683,
      0.020479999482631683,
      0.020479999482631683,
      0.01945599913597107,
      0.01945599913597107,
      0.01945599913597107,
      0.020479999482631683,
      0.020479999482631683,
      0.028672000393271446,
      0.023552000522613525,
      0.020479999482631683,
      0.01945599913597107,
      0.021503999829292297,
      0.020479999482631683,
      0.01945599913597107,
      0.01945599913597107,
      0.020479999482631683,
      0.01945599913597107,
      0.020479999482631683,
      0.01945599913597107,
      0.027648000046610832,
      0.020479999482631683,
      0.020479999482631683,
      0.020479999482631683,
      0.020479999482631683,
      0.020479999482631683,
      0.021503999829292297,
      0.01945599913597107,
      0.020479999482631683,
      0.021503999829292297,
      0.020479999482631683,
      0.020479999482631683,
      0.020479999482631683,
      0.02457600086927414,
      0.020479999482631683,
      0.01945599913597107,
      0.021503999829292297,
      0.01945599913597107,
      0.01945599913597107,
      0.01945599913597107,
      0.020479999482631683,
      0.01945599913597107,
      0.01945599913597107,
      0.020479999482631683,
      0.020479999482631683,
      0.020479999482631683,
      0.01945599913597107,
      0.01945599913597107,
      0.01945599913597107,
      0.01945599913597107,
      0.025599999353289604,
      0.020479999482631683,
      0.020479999482631683,
      0.01945599913597107,
      0.02457600086927414,
      0.020479999482631683,
      0.01945599913597107,
      0.025599999353289604,
      0.01945599913597107,
      0.020479999482631683,
      0.020479999482631683,
      0.020479999482631683,
      0.01945599913597107,
      0.021503999829292297,
      0.021503999829292297,
      0.02457600086927414,
      0.0225600004196167,
      0.023552000522613525,
      0.023552000522613525,
      0.023552000522613525
    ]
  },
  "gpu_topk_softmax_multinomial": {
    "median_ms": 0.2181120067834854,
    "p10_ms": 0.20787200331687927,
    "p90_ms": 0.23449599742889404,
    "samples_ms": [
      0.2457599937915802,
      0.23449599742889404,
      0.2396160066127777,
      0.22937600314617157,
      0.24060800671577454,
      0.2242559939622879,
      0.22015999257564545,
      0.21606400609016418,
      0.23449599742889404,
      0.22630399465560913,
      0.21401600539684296,
      0.20787200331687927,
      0.2242559939622879,
      0.22118400037288666,
      0.2303999960422516,
      0.22015999257564545,
      0.2242559939622879,
      0.22732800245285034,
      0.21196800470352173,
      0.20479999482631683,
      0.2099200040102005,
      0.2385919988155365,
      0.21094399690628052,
      0.2252800017595291,
      0.21606400609016418,
      0.2385919988155365,
      0.21299199759960175,
      0.2252800017595291,
      0.21196800470352173,
      0.23449599742889404,
      0.21196800470352173,
      0.20582400262355804,
      0.20582400262355804,
      0.2314240038394928,
      0.2181120067834854,
      0.20787200331687927,
      0.2088959962129593,
      0.2314240038394928,
      0.21606400609016418,
      0.23244799673557281,
      0.2170879989862442,
      0.23244799673557281,
      0.21606400609016418,
      0.21196800470352173,
      0.20787200331687927,
      0.2242559939622879,
      0.2181120067834854,
      0.22015999257564545,
      0.2088959962129593,
      0.20787200331687927,
      0.2242559939622879,
      0.2242559939622879,
      0.21913599967956543,
      0.21503999829292297,
      0.22835199534893036,
      0.2088959962129593,
      0.21094399690628052,
      0.20684799551963806,
      0.23347200453281403,
      0.21299199759960175,
      0.20787200331687927,
      0.20787200331687927,
      0.2303999960422516,
      0.2181120067834854,
      0.23449599742889404,
      0.2099200040102005,
      0.23552000522613525,
      0.21401600539684296,
      0.2088959962129593,
      0.20787200331687927,
      0.22835199534893036,
      0.21401600539684296,
      0.21196800470352173,
      0.20684799551963806,
      0.22630399465560913,
      0.23449599742889404,
      0.21196800470352173,
      0.20787200331687927,
      0.20988799631595612,
      0.22630399465560913
    ]
  },
  "hardware": "NVIDIA L20",
  "ratios": {
    "cpu_roundtrip_pipeline_vs_gpu_pipeline": 3.039014003758493,
    "gpu_sampling_pipeline_vs_gpu_argmax": 10.650000600266518
  },
  "schema_version": 1,
  "shape": {
    "batch": 1,
    "dtype": "float16",
    "temperature": 0.8,
    "top_k": 50,
    "vocab": 151936
  }
}
