{
  "best_correct": {
    "block_q": 1,
    "block_t": 64,
    "correct": true,
    "max_abs_error": 0.00048828125,
    "median_ms": 0.07577600330114365,
    "num_warps": 4,
    "p10_ms": 0.07372800260782242,
    "p90_ms": 0.08806400001049042,
    "path": "scalar_split_kv",
    "samples_ms": [
      0.08803199976682663,
      0.07884799689054489,
      0.07680000364780426,
      0.07475200295448303,
      0.07577600330114365,
      0.11059200018644333,
      0.0798719972372055,
      0.07475200295448303,
      0.07577600330114365,
      0.07782399654388428,
      0.09830400347709656,
      0.08089599758386612,
      0.07680000364780426,
      0.07577600330114365,
      0.09932799637317657,
      0.08396799862384796,
      0.07782399654388428,
      0.07475200295448303,
      0.07372800260782242,
      0.07372800260782242,
      0.07372800260782242,
      0.07577600330114365,
      0.0727040022611618,
      0.0727040022611618,
      0.08806400001049042,
      0.08089599758386612,
      0.07577600330114365,
      0.07372800260782242,
      0.07475200295448303,
      0.0727040022611618
    ],
    "split_size": 512
  },
  "gpu": "NVIDIA L20",
  "reports": [
    {
      "block_q": 1,
      "block_t": 32,
      "correct": true,
      "max_abs_error": 0.00048828125,
      "median_ms": 0.0798719972372055,
      "num_warps": 4,
      "p10_ms": 0.07884799689054489,
      "p90_ms": 0.0880960002541542,
      "path": "scalar_split_kv",
      "samples_ms": [
        0.10751999914646149,
        0.08806400001049042,
        0.08908800035715103,
        0.08191999793052673,
        0.08089599758386612,
        0.0798719972372055,
        0.0788159966468811,
        0.0798719972372055,
        0.08499199897050858,
        0.0798719972372055,
        0.07884799689054489,
        0.07884799689054489,
        0.07782399654388428,
        0.07884799689054489,
        0.07884799689054489,
        0.0798719972372055,
        0.0798719972372055,
        0.08806400001049042,
        0.0870399996638298,
        0.0798719972372055,
        0.07884799689054489,
        0.0798719972372055,
        0.07782399654388428,
        0.08908800035715103,
        0.08089599758386612,
        0.0798719972372055,
        0.07884799689054489,
        0.0880960002541542,
        0.08601599931716919,
        0.08089599758386612
      ],
      "split_size": 512
    },
    {
      "block_q": 2,
      "block_t": 32,
      "correct": true,
      "max_abs_error": 0.00048828125,
      "median_ms": 0.08243199810385704,
      "num_warps": 4,
      "p10_ms": 0.07782399654388428,
      "p90_ms": 0.30105599761009216,
      "path": "tensor_core_candidate",
      "samples_ms": [
        0.3164159953594208,
        0.2693119943141937,
        0.30105599761009216,
        0.2754560112953186,
        0.25804799795150757,
        0.3020800054073334,
        0.30617600679397583,
        0.2836480140686035,
        0.12697599828243256,
        0.09830400347709656,
        0.08191999793052673,
        0.07884799689054489,
        0.08089599758386612,
        0.07782399654388428,
        0.07782399654388428,
        0.08089599758386612,
        0.09113600105047226,
        0.08294399827718735,
        0.0798719972372055,
        0.08089599758386612,
        0.07884799689054489,
        0.09011200070381165,
        0.0798719972372055,
        0.07884799689054489,
        0.07680000364780426,
        0.0942080020904541,
        0.08396799862384796,
        0.08089599758386612,
        0.07680000364780426,
        0.07680000364780426
      ],
      "split_size": 512
    },
    {
      "block_q": 1,
      "block_t": 64,
      "correct": true,
      "max_abs_error": 0.00048828125,
      "median_ms": 0.07577600330114365,
      "num_warps": 4,
      "p10_ms": 0.07372800260782242,
      "p90_ms": 0.08806400001049042,
      "path": "scalar_split_kv",
      "samples_ms": [
        0.08803199976682663,
        0.07884799689054489,
        0.07680000364780426,
        0.07475200295448303,
        0.07577600330114365,
        0.11059200018644333,
        0.0798719972372055,
        0.07475200295448303,
        0.07577600330114365,
        0.07782399654388428,
        0.09830400347709656,
        0.08089599758386612,
        0.07680000364780426,
        0.07577600330114365,
        0.09932799637317657,
        0.08396799862384796,
        0.07782399654388428,
        0.07475200295448303,
        0.07372800260782242,
        0.07372800260782242,
        0.07372800260782242,
        0.07577600330114365,
        0.0727040022611618,
        0.0727040022611618,
        0.08806400001049042,
        0.08089599758386612,
        0.07577600330114365,
        0.07372800260782242,
        0.07475200295448303,
        0.0727040022611618
      ],
      "split_size": 512
    },
    {
      "block_q": 2,
      "block_t": 64,
      "correct": true,
      "max_abs_error": 0.00048828125,
      "median_ms": 0.23449599742889404,
      "num_warps": 4,
      "p10_ms": 0.07782399654388428,
      "p90_ms": 0.2744320034980774,
      "path": "tensor_core_candidate",
      "samples_ms": [
        0.2908160090446472,
        0.289792001247406,
        0.2611199915409088,
        0.2314240038394928,
        0.22732800245285034,
        0.2672640085220337,
        0.23449599742889404,
        0.2457599937915802,
        0.2539519965648651,
        0.2672640085220337,
        0.24780799448490143,
        0.2457599937915802,
        0.23449599742889404,
        0.22937600314617157,
        0.2744320034980774,
        0.23654399812221527,
        0.2242559939622879,
        0.2672640085220337,
        0.24166400730609894,
        0.29286399483680725,
        0.17817600071430206,
        0.10035199671983719,
        0.0798719972372055,
        0.0798719972372055,
        0.07782399654388428,
        0.0798719972372055,
        0.07782399654388428,
        0.07680000364780426,
        0.07680000364780426,
        0.07680000364780426
      ],
      "split_size": 512
    },
    {
      "block_q": 1,
      "block_t": 128,
      "correct": true,
      "max_abs_error": 0.00048828125,
      "median_ms": 0.07680000364780426,
      "num_warps": 4,
      "p10_ms": 0.07475200295448303,
      "p90_ms": 0.08806400001049042,
      "path": "scalar_split_kv",
      "samples_ms": [
        0.08806400001049042,
        0.0798719972372055,
        0.07577600330114365,
        0.07680000364780426,
        0.07884799689054489,
        0.07577600330114365,
        0.07680000364780426,
        0.07475200295448303,
        0.09011200070381165,
        0.08294399827718735,
        0.07577600330114365,
        0.07782399654388428,
        0.07475200295448303,
        0.09318400174379349,
        0.08601599931716919,
        0.07680000364780426,
        0.07680000364780426,
        0.07475200295448303,
        0.09113600105047226,
        0.08089599758386612,
        0.07574400305747986,
        0.07577600330114365,
        0.07475200295448303,
        0.07884799689054489,
        0.07475200295448303,
        0.0727040022611618,
        0.07372800260782242,
        0.07884799689054489,
        0.08806400001049042,
        0.08191999793052673
      ],
      "split_size": 512
    },
    {
      "block_q": 2,
      "block_t": 128,
      "correct": true,
      "max_abs_error": 0.00048828125,
      "median_ms": 0.08038399741053581,
      "num_warps": 4,
      "p10_ms": 0.07782399654388428,
      "p90_ms": 0.2908160090446472,
      "path": "tensor_core_candidate",