{
  "best_correct": {
    "block_q": 1,
    "block_t": 128,
    "correct": true,
    "max_abs_error": 0.00048828125,
    "median_ms": 0.42137598991394043,
    "num_warps": 4,
    "p10_ms": 0.41471999883651733,
    "p90_ms": 0.4280320107936859,
    "path": "scalar_split_kv",
    "samples_ms": [
      0.43827199935913086,
      0.419840008020401,
      0.41676801443099976,
      0.42291200160980225,
      0.42291200160980225,
      0.4249599874019623,
      0.41676801443099976,
      0.42188799381256104,
      0.41574400663375854,
      0.42905598878860474,
      0.41676801443099976,
      0.4249599874019623,
      0.42291200160980225,
      0.41574400663375854,
      0.42188799381256104,
      0.4352000057697296,
      0.42188799381256104,
      0.41471999883651733,
      0.42188799381256104,
      0.41471999883651733,
      0.4136959910392761,
      0.419840008020401,
      0.41471999883651733,
      0.42188799381256104,
      0.4249599874019623,
      0.4208639860153198,
      0.41676801443099976,
      0.4280320107936859,
      0.4177919924259186,
      0.4136959910392761
    ],
    "split_size": 512
  },
  "gpu": "NVIDIA L20",
  "reports": [
    {
      "block_q": 1,
      "block_t": 64,
      "correct": true,
      "max_abs_error": 0.00048828125,
      "median_ms": 0.4285439997911453,
      "num_warps": 4,
      "p10_ms": 0.42393600940704346,
      "p90_ms": 0.4352000057697296,
      "path": "scalar_split_kv",
      "samples_ms": [
        0.4433920085430145,
        0.4280320107936859,
        0.43212801218032837,
        0.4280320107936859,
        0.4352000057697296,
        0.42393600940704346,
        0.43110400438308716,
        0.4259839951992035,
        0.4362240135669708,
        0.43110400438308716,
        0.42188799381256104,
        0.43110400438308716,
        0.42905598878860474,
        0.43007999658584595,
        0.4259839951992035,
        0.43212801218032837,
        0.42905598878860474,
        0.4341759979724884,
        0.4259839951992035,
        0.43827199935913086,
        0.4270080029964447,
        0.42393600940704346,
        0.43007999658584595,
        0.4249599874019623,
        0.43212801218032837,
        0.4259839951992035,
        0.4280320107936859,
        0.42393600940704346,
        0.4280320107936859,
        0.42188799381256104
      ],
      "split_size": 512
    },
    {
      "block_q": 2,
      "block_t": 64,
      "correct": true,
      "max_abs_error": 0.00048828125,
      "median_ms": 0.4285439997911453,
      "num_warps": 4,
      "p10_ms": 0.42291200160980225,
      "p90_ms": 0.43724799156188965,
      "path": "tensor_core_candidate",
      "samples_ms": [
        0.4403199851512909,
        0.4270080029964447,
        0.43007999658584595,
        0.42291200160980225,
        0.43724799156188965,
        0.4259839951992035,
        0.42291200160980225,
        0.4280320107936859,
        0.4270080029964447,
        0.4280320107936859,
        0.43724799156188965,
        0.42905598878860474,
        0.42393600940704346,
        0.43007999658584595,
        0.42291200160980225,
        0.4259839951992035,
        0.42905598878860474,
        0.42905598878860474,
        0.43110400438308716,
        0.42291200160980225,
        0.43007999658584595,
        0.42188799381256104,
        0.4331519901752472,
        0.43007999658584595,
        0.4423680007457733,
        0.4249599874019623,
        0.4249599874019623,
        0.42905598878860474,
        0.42393600940704346,
        0.43007999658584595
      ],
      "split_size": 512
    },
    {
      "block_q": 1,
      "block_t": 128,
      "correct": true,
      "max_abs_error": 0.00048828125,
      "median_ms": 0.42137598991394043,
      "num_warps": 4,
      "p10_ms": 0.41471999883651733,
      "p90_ms": 0.4280320107936859,
      "path": "scalar_split_kv",
      "samples_ms": [
        0.43827199935913086,
        0.419840008020401,
        0.41676801443099976,
        0.42291200160980225,
        0.42291200160980225,
        0.4249599874019623,
        0.41676801443099976,
        0.42188799381256104,
        0.41574400663375854,
        0.42905598878860474,
        0.41676801443099976,
        0.4249599874019623,
        0.42291200160980225,
        0.41574400663375854,
        0.42188799381256104,
        0.4352000057697296,
        0.42188799381256104,
        0.41471999883651733,
        0.42188799381256104,
        0.41471999883651733,
        0.4136959910392761,
        0.419840008020401,
        0.41471999883651733,
        0.42188799381256104,
        0.4249599874019623,
        0.4208639860153198,
        0.41676801443099976,
        0.4280320107936859,
        0.4177919924259186,
        0.4136959910392761
      ],
      "split_size": 512
    },
    {
      "block_q": 2,
      "block_t": 128,
      "correct": true,
      "max_abs_error": 0.00048828125,
      "median_ms": 0.42905598878860474,
      "num_warps": 4,
      "p10_ms": 0.42291200160980225,
      "p90_ms": 0.4352000057697296,
      "path": "tensor_core_candidate",
      "samples_ms": [
        0.45977601408958435,
        0.4352000057697296,
        0.42393600940704346,
        0.42188799381256104,
        0.4280320107936859,
        0.4259839951992035,
        0.42905598878860474,
        0.43007999658584595,
        0.43212801218032837,
        0.42188799381256104,
        0.42905598878860474,
        0.42291200160980225,
        0.43724799156188965,
        0.4249599874019623,
        0.42905598878860474,
        0.43007999658584595,
        0.42188799381256104,
        0.43827199935913086,
        0.42291200160980225,
        0.43110400438308716,
        0.4259839951992035,
        0.43110400438308716,
        0.42291200160980225,
        0.4341759979724884,
        0.4259839951992035,
        0.42291200160980225,
        0.43007999658584595,
        0.43007999658584595,
        0.42905598878860474,
        0.42291200160980225
      ],
      "split_size": 512
    }
  ],
  "schema_version": 1,
  "shape": {
    "batch": 16,
    "context": 4096,
    "dtype": "bfloat16",
    "head_dim": 128,
    "kv_heads": 8,
    "q_heads": 16
  }
}
