{
  "best_correct": {
    "block_q": 2,
    "block_t": 64,
    "correct": true,
    "max_abs_error": 0.001953125,
    "median_ms": 0.08499199897050858,
    "num_warps": 4,
    "p10_ms": 0.08089599758386612,
    "p90_ms": 0.10547199845314026,
    "path": "tensor_core_candidate",
    "samples_ms": [
      0.10547199845314026,
      0.09011200070381165,
      0.08499199897050858,
      0.08396799862384796,
      0.08089599758386612
    ],
    "split_size": 256
  },
  "gpu": "NVIDIA L20",
  "reports": [
    {
      "block_q": 1,
      "block_t": 64,
      "correct": true,
      "max_abs_error": 0.001953125,
      "median_ms": 0.09219200164079666,
      "num_warps": 4,
      "p10_ms": 0.08294399827718735,
      "p90_ms": 0.10444799810647964,
      "path": "scalar_split_kv",
      "samples_ms": [
        0.10444799810647964,
        0.09219200164079666,
        0.08601599931716919,
        0.08294399827718735,
        0.10239999741315842
      ],
      "split_size": 256
    },
    {
      "block_q": 2,
      "block_t": 64,
      "correct": true,
      "max_abs_error": 0.001953125,
      "median_ms": 0.08499199897050858,
      "num_warps": 4,
      "p10_ms": 0.08089599758386612,
      "p90_ms": 0.10547199845314026,
      "path": "tensor_core_candidate",
      "samples_ms": [
        0.10547199845314026,
        0.09011200070381165,
        0.08499199897050858,
        0.08396799862384796,
        0.08089599758386612
      ],
      "split_size": 256
    }
  ],
  "schema_version": 1,
  "shape": {
    "batch": 1,
    "context": 512,
    "dtype": "bfloat16",
    "head_dim": 128,
    "kv_heads": 8,
    "q_heads": 16
  }
}
